Customer_ID,Actual_Churn,Predicted_Churn,Churn_Probability
3ffe698f7b4f4dafb375d23ca66d34e2,1,1,1.0
080787fae10405ec2d8c79d6f5b5292c,1,1,1.0
4274e93d39054e966123897e6f24c26e,1,1,1.0
d07d473503c6bef7cf1922fab1f88f3e,1,1,1.0
f3622c458e9083620423f00b4778a98b,1,1,1.0
272602a26c90508b455a691e72dad8b6,1,1,1.0
d34d023dc8ac358ab2ea8f70029a0de3,1,1,1.0
e9a9e60eb6bae5e8c7c4c1b74ac0e8f4,1,1,1.0
e9a9e60eb6bae5e8c7c4c1b74ac0e8f4,1,1,1.0
0a86a6812cfc542423aaaa2d188ee493,1,1,1.0
6624ff016e9d21890a51b4091b3006c7,1,1,1.0
80dca8b024e31c7a6d6a850d57e5788b,1,1,1.0
0eb67391f535d8837285a8577ab1a9cb,1,1,1.0
93054a281164e7ba0eb42ad306b7c15a,1,1,1.0
14c774e19de9db650ae10a1062445957,1,1,1.0
0fbc33b04d92b5cd1049eb3f2d4cfaf9,1,1,1.0
aaa7ca7ca76b632795dcc7a80097bae1,1,1,1.0
8d3a847b95a95945621895d1b1bcdd86,1,1,1.0
d8a90bff8ae32c141b8e73e30ac730df,1,1,1.0
22dc23342f14ea066c71cc3778c0a10c,1,1,1.0
8c662d57a3447e8015e8261befc2d3c0,1,1,1.0
01957677ffae06c92a67c7518ee1944b,1,1,1.0
35a20428ff2b61563bcd48676c037afe,1,1,1.0
f34ae043c2954b058e5f171d24774def,1,1,1.0
d34d023dc8ac358ab2ea8f70029a0de3,1,1,1.0
7590deb8871805e433f52e8acfc0225e,1,1,1.0
f0c8643483f79d21a7a00ee5eac58229,1,1,1.0
3b2e9ef3709f3fedde3e501c2f76c9b8,1,1,1.0
e9a9e60eb6bae5e8c7c4c1b74ac0e8f4,1,1,1.0
cb315f7284b2c1db5a606ff80a9682d7,1,1,1.0
2f6ca4cd58426e5b63d5e00308e9df1b,1,1,1.0
e561f1d90dd8fa93f7cb9dc17d4183eb,1,1,1.0
2f69534f95e449915588a68ad7c28cb0,1,1,1.0
3a114f52a1243c46d33707ccd2cf5fb7,1,1,1.0
05d1a42b97770b2b3eea0456b98aa562,1,1,1.0
7ab4bf4878d8f7661dfc20e9b8e18011,1,1,1.0
d3e0ebe27982090ff5aff54fe8624449,1,1,1.0
b5e214e0bbaa203991143fe6bc9776c2,1,1,1.0
280d5d6f64687927999d528d928877f6,1,1,1.0
668f7434bec59098207e3032e6202e68,1,1,1.0
d8346d0fe3e377a2c9a73f66642aaf7c,1,1,1.0
2387f0f12d27b83b20133bfb905918f9,1,1,1.0
80f4f8ca43bd0a09023eeea121bbc7b5,1,1,1.0
ff4108131ddf8a3ff3a3ea075f70574e,1,1,1.0
470db85da390d7185c4e209da94e4f9a,1,1,1.0
be3c7fcffe32b94c2b5a6b7891482651,1,1,1.0
0e6dc64d71621dfc44db9ab92c7e0be8,1,1,1.0
ee60fad40a7f445fc7569c5639a897cc,1,1,1.0
0518c7bbc58d30eac47fb98c83a5c0f4,1,1,1.0
9c48d7255877d234f7201b942999ac28,1,1,1.0
37a0d112aa8d4f40b938a5b681605a97,1,1,1.0
65507d1fb4a37583198fc961e1ce1367,1,1,1.0
22d203ad30ae27eb51defb632d7faf2d,1,1,1.0
f11a37dbde4649e4a58f558691021c96,1,1,1.0
572afcf7813848b2486aa62577f4503a,1,1,1.0
3f51055a9cd53747eff132db40350375,1,1,1.0
18d1a75872e188fb748473e870625348,1,1,1.0
3f649cc6d6ca1a88f9493be26f8e9395,1,1,1.0
9452bbb64f6a62399415b925057d73c8,1,1,1.0
32fb1dfb29c315c3452172bc66965df5,1,1,1.0
0cb71d9866f0b7f42572d18b9e250628,1,1,1.0
ed8f613710f62e966b3f8ec74aa30d4c,1,1,1.0
b876d5e7a3f64fc2719dcf5a77303da8,1,1,1.0
c1ef2d14e3216e1f6cd275d80b51f4a8,1,1,1.0
4a319e8a475bd667ff133355ec037a2a,1,1,1.0
864c0978bfd8706905c4bea701c0c47e,1,1,1.0
9901c0ec9b9e9e19a6f9a2ff4d7a8aeb,1,1,1.0
adff09dd919936024014e3f0eda0116f,1,1,1.0
f0f15139b756e0512ae001a7e1257e67,1,1,1.0
473d5aec02034e5dd02eff05da5821cb,1,1,1.0
6b985a019ecb5539a7942b0ec1f00925,1,1,1.0
27df8d030f839345fb2adab3bf1916a7,1,1,1.0
f5854ed4705beb8bb7191d5efe4eedd8,1,1,1.0
a4dbd0499d8cbf04d4eb1c4f3eaf0a40,1,1,1.0
dbdcb417fc2d324845d254695dd25b3d,1,1,1.0
e73c7ab44605de043470eacd6473c6e6,1,1,1.0
17128e6ca2cbd08c8f16880ad881b1ad,1,1,1.0
feec14eacae4e326ec1f4cc74f17a925,1,1,1.0
0b0196638ca66888af0069cfea42ef2a,1,1,1.0
4ba59a490f08c59db359b850ffe6df4d,1,1,1.0
336c3b8de4aaa7f3e7a20c79a6aaf1ed,1,1,1.0
6c6400eb18effb6c75e54d38fc8f7de2,1,1,1.0
36f21cc17a6b4c6e203b3eda888a9789,1,1,1.0
e4b184f9023c0b802fedb7266dcfa21e,1,1,1.0
f9fc8c8f8721e14b5af6b69b21a8b171,1,1,1.0
da7bf91f37e3897b2bf9096ee5c03051,1,1,1.0
c42f9305d0066881f9380d3c7a1a665c,1,1,1.0
2a2ca2d22cd49dc9228ccedf54f9e75c,1,1,1.0
77e71a55936099245f468033245f1e1c,1,1,1.0
5dfdefad408f15b844ac1c623f025f2e,1,1,1.0
95cdcfa3486404d51e6f21f128105b5e,1,1,1.0
419a41537346b02f27486eda330487ac,1,1,1.0
be732435968e4d66a3669b0fc98471de,1,1,1.0
11f3abc52f03e8b375169bb20db44c51,1,1,1.0
0eb4efb7c73cba02b283e44c457d2f02,1,1,1.0
315a4ca4185b06130017a1068f9ed544,1,1,1.0
bb353771aafc6d54dc426bf148463ae6,1,1,1.0
9ff30b3c87718b9d165b4e6ac5197b88,1,1,1.0
872f508faccdda66098da8c9ff37e613,1,1,1.0
98de006028be532c63dbaac84ad8bf40,1,1,1.0
7530fd46f549a15191fabbebf597e20b,1,1,1.0
edf9b00e045a09a3a6d322ef95914ead,1,1,1.0
431bb3ddaf57c5a64f90580df1351609,1,1,1.0
5839cded2f4370c41f720e85ac3be24f,1,1,1.0
c8a2cc5ef240da441eaea5ffd506ca40,1,1,1.0
4c9814d1069ebfb8d34cbb807ade2892,1,1,1.0
a0e28f2b4b636fbe5cb0b29afecec6c0,1,1,1.0
48de6cc1e41282db33e52198b097a789,1,1,1.0
13f7bc4b4ceb55e93cbe3a6b37e6b806,1,1,1.0
808bea2f64001d41bfa67bac4a21e552,1,1,1.0
77b2029b91a45f46b9a5b00ee9509c55,1,1,1.0
35a20428ff2b61563bcd48676c037afe,1,1,1.0
acdf693a0520c1f28b8d36b1862d4c0d,1,1,1.0
4fb528b672bc41ab7d41f7f89514b6ba,1,1,1.0
cebc9aeb3a43829debc1fc1b9d818278,1,1,1.0
8b5239c28e9950fa2cdcc47d9201ecd8,1,1,1.0
ed8f613710f62e966b3f8ec74aa30d4c,1,1,1.0
8dafabb5fd42fb83235d4fce72e1a58e,1,1,1.0
faf60d1008a80d7e557d762a3988860c,1,1,1.0
e3b369bb9f2b22f7090d4457057d936c,1,1,1.0
5839cded2f4370c41f720e85ac3be24f,1,1,1.0
59ba9b3005470e657d1be760e66222ca,1,1,1.0
424a6bf3306928c6306c6e52e5e3823f,1,1,1.0
44fec0c13f5fecf593f3bdf7456fcce8,1,1,1.0
a8a132a6e0ce9d7e21f0f7870ab98dfb,1,1,1.0
9493d395a45acf1db343dd637b123f13,1,1,1.0
b1f26578b20fad578ac496c3bab06131,1,1,1.0
dbdcb417fc2d324845d254695dd25b3d,1,1,1.0
6cc0c368d72887e3e9fbd5e9d169c6fc,1,1,1.0
8afe37d11362b8bf58425aec5c094555,1,1,1.0
f8a228fe22a971a987fa8ee47615fc70,1,1,1.0
f65bda3834f435369a7aa2c4a1701f4a,1,1,1.0
0518c7bbc58d30eac47fb98c83a5c0f4,1,1,1.0
ae3a107d9a58ecf0b3f5fdc01f568e4f,1,1,1.0
1569c0dbbf8ce648ddda3516f45d47af,1,1,1.0
0373d78c0d5266b6c36033c39b3550a0,1,1,1.0
4d456153f156b6225f7da69e8d103c58,1,1,1.0
8b9d293b44b9ae8adc876fbb4bb2864a,1,1,1.0
f6069905f61b9357bf9f389dbd6e767b,1,1,1.0
b40af3c647efc418e6af802aa1d2cf24,1,1,1.0
cccf33218b258717ae807081c40263c6,1,1,1.0
101cf90f601997ff1a39391c9f73ea1d,1,1,1.0
c6694f2ab13a5212f4e1d0071fe48c3b,1,1,1.0
65cb91b93ad5b39b874e5defd8f96952,1,1,1.0
2a05dc0d3757a35b71b60cb7ccb3ee7a,1,1,1.0
f27dd9eb8f21be8061e9c904fc6bb216,1,1,1.0
37a0d112aa8d4f40b938a5b681605a97,1,1,1.0
5844cbd329236f04d75b25d68a7ab279,1,1,1.0
53b0dd2e6fbeaa2cb22b5dd0d8331e38,1,1,1.0
37829ba37b360c27aadddd34e03787d4,1,1,1.0
0ae264698cff77e0b05ee0318046c96e,1,1,1.0
29257069fac8a4d71e72c425df6a67bd,1,1,1.0
38f62c2f7820916f28c546c49bf14273,1,1,1.0
7d58bcd893bb0973a8453579543c5b2e,1,1,1.0
69b784937de36870249214ef0d31ea58,1,1,1.0
9e390c1c0f7258b592fa7e99feaa0cbb,1,1,1.0
214e8493c75220d6da248469fea1ce1c,1,1,1.0
2f69534f95e449915588a68ad7c28cb0,1,1,1.0
8d16f7946cf991f33bb11ba87f5d4d03,1,1,1.0
38f74b5e64062383974302536ee10e74,1,1,1.0
80d5382bbd1bd1755a3c00e65bfb2199,1,1,1.0
23debd66ac94c696bdbecc40930a518e,1,1,1.0
1d8507cb286d41a11d790c00ffd76369,1,1,1.0
01170c016f8dd1fe2f43fb5bf6c43564,1,1,1.0
3b2e9ef3709f3fedde3e501c2f76c9b8,1,1,1.0
e210d93c6956cecf27bbda79f1e6f7a2,1,1,1.0
622161f46b9540cacaa0e6a98b99c1f5,1,1,1.0
59ebc77f493f20087a568ab79709244c,1,1,1.0
87a38dbdd73ca252c60174e011f645db,1,1,1.0
ed8f613710f62e966b3f8ec74aa30d4c,1,1,1.0
7233038429b29c9dba448530a943e8a9,1,1,1.0
f5c85d1ef025d9e8ea0f2acad8cf99e3,1,1,1.0
8075d27cbca2310bd389408df464ccc4,1,1,1.0
24b089506304487b1c5bf2c4f3364eed,1,1,1.0
a53fec91b28d8d3cafcec7a054aca44b,1,1,1.0
878e36c0f548b72b1ac838645902d88b,1,1,1.0
9452bbb64f6a62399415b925057d73c8,1,1,1.0
689de00df5dab2c470399deefac98cd9,1,1,1.0
8aab9ae127bd3ff31300829efb2fc6e1,1,1,1.0
aa13f5e551ed9dd0ebb927b161e40df0,1,1,1.0
1ccb5cff9ddcdbf9970b42c706b17b1e,1,1,1.0
80d5382bbd1bd1755a3c00e65bfb2199,1,1,1.0
4b13484950e610456be8410054033762,1,1,1.0
115ade0364d1290d2023c97642ad1734,1,1,1.0
32a1d3b148f675e9e9f657560c2c9e80,1,1,1.0
17d489832aec5715445c12c166cbb76c,1,1,1.0
8ceb17f783b91959aa02fcda0c000495,1,1,1.0
15fd95799a712ed3a80bda39e2379559,1,1,1.0
ee60fad40a7f445fc7569c5639a897cc,1,1,1.0
f5854ed4705beb8bb7191d5efe4eedd8,1,1,1.0
54f8ca2ab1f8fadc6c380285df40a329,1,1,1.0
336c3b8de4aaa7f3e7a20c79a6aaf1ed,1,1,1.0
8f90f9963e8abb153f57bcfa4e7fdf38,1,1,1.0
703d4c3c2da25db1db43cd8a42d7b911,1,1,1.0
9587c61d5ea4bf49315802b92e2a7d3e,1,1,1.0
0eb67391f535d8837285a8577ab1a9cb,1,1,1.0
1cac58bc04a00fec12634864fc4ee065,1,1,1.0
41ddc04fb6531d6d05c682f24eb369cd,1,1,1.0
db49de72b87cf40874195215b83f0d44,1,1,1.0
b5327c91c04f246acc772b55deff9f97,1,1,1.0
febd770d6cb367bc93f0183b0e9d397d,1,1,1.0
215fcb61cd9905b5e605b292666975d9,1,1,1.0
001cb880d847a0b63b404a48e50aec17,1,1,1.0
cf1404fde7ea55a1cc2380b2e8b34144,1,1,1.0
37a736a704d2de572db217142aa4b92b,1,1,1.0
a7a9dac0ffc2ad56c66a1b08d53d0e51,1,1,1.0
48cfc269f12b3ab04b09a2ffff2f6d22,1,1,1.0
b7675369b1673a796d06f242c2ea9651,1,1,1.0
65361c31aafe1fc52676e9c6813d7d71,1,1,1.0
abcfc174050f9dabbccfb52de2db7417,1,1,1.0
9d45acea5954ab7153612d8411a5a69a,1,1,1.0
c2e5ed449fd1689649c6e8bfd1a6b5a2,1,1,1.0
3da003396c90dbcd3da3394f21196e41,1,1,1.0
e4b184f9023c0b802fedb7266dcfa21e,1,1,1.0
79c96e236ea9e4cc8a560f3779049d08,1,1,1.0
8aa2135ce2d2377ee18a48dec0d2966f,1,1,1.0
acc790aa776c1bc6261925663d9e1b7d,1,1,1.0
a0e28f2b4b636fbe5cb0b29afecec6c0,1,1,1.0
444632ca7acf201a46a708e7f1168da6,1,1,1.0
f939fa0ed42409c82a6bba97874a4db5,1,1,1.0
f732f7aa5363755f894f65ba3b6e03b8,1,1,1.0
782d072e7b10d8447b4f8b2dd23cab7c,1,1,1.0
d5ff3202e8e3bf0a4a0e088313341fef,1,1,1.0
079e3911c9d3fb76a900c3c382130a2e,1,1,1.0
01170c016f8dd1fe2f43fb5bf6c43564,1,1,1.0
77b2029b91a45f46b9a5b00ee9509c55,1,1,1.0
cb5414cb8d232d8aa053cbc401b246ec,1,1,1.0
562f558f3437590644343977fe9e523c,1,1,1.0
9e103b8fd0ce44d659a4c20914b027c0,1,1,1.0
93f0049f7fbc3d534ba2005b17450337,1,1,1.0
e9a9e60eb6bae5e8c7c4c1b74ac0e8f4,1,1,1.0
b64fd0093c304ffdd23fcdaff544ae59,1,1,1.0
0957741efe88eab5ecee6f844067375a,1,1,1.0
b871b1f6d182ac4eadb982aaf4fb4f29,1,1,1.0
419a41537346b02f27486eda330487ac,1,1,1.0
87c5963df16ba7cb0c3bc167b46e1f93,1,1,1.0
2b0f17a2151d914ce7180cc56ef62ff5,1,1,1.0
1f33d1968721a0172ee973b39747e412,1,1,1.0
b6dc6ad679fd7356b6f9204d6703de70,1,1,1.0
1aa498825382410b098937d65c4ec26d,1,1,1.0
fb7dcb0f4e0dc4ee54874eab2607c4da,1,1,1.0
6b985a019ecb5539a7942b0ec1f00925,1,1,1.0
e12839ee323b1c82c15a1c729181d746,1,1,1.0
59ebc77f493f20087a568ab79709244c,1,1,1.0
b9eafd9d71cbfd4e0b0c48fcdce7738f,1,1,1.0
2f02f0ed2c958a98dacb9dec4029fddf,1,1,1.0
691876109e29aa4915b4d704c7d87316,1,1,1.0
6f6b8fc4afbbd6c2f9394661be5d09ac,1,1,1.0
2ffae69953bea67f0e8cecbb5b83450c,1,1,1.0
7714fbf451e730647083f9c24e35c8e5,1,1,1.0
233d8138e4d555b73486c9b6074138b6,1,1,1.0
994244c5fdf486eed3b17656521f98c2,1,1,1.0
bb5860683349349de9ae65374e86fcef,1,1,1.0
aa451d8c32c9895ae258f91525e8563c,1,1,1.0
c069377b03270c9a64468673fd1e7001,1,1,1.0
caabf39effcd34a6021fa924849ef4fa,1,1,1.0
feec14eacae4e326ec1f4cc74f17a925,1,1,1.0
65cb91b93ad5b39b874e5defd8f96952,1,1,1.0
33cbb45bf256e3af97b599ba6a9db6ae,1,1,1.0
075ded2164a5dbaa0a5791ad9f7018f8,1,1,1.0
44fec0c13f5fecf593f3bdf7456fcce8,1,1,1.0
7dc9e391e231a01b045480a95a8560a2,1,1,1.0
f8c8d51ddda2fc95e32ee283a0d3c0d5,1,1,1.0
f3622c458e9083620423f00b4778a98b,1,1,1.0
22d203ad30ae27eb51defb632d7faf2d,1,1,1.0
e2a241ae6027d30e65d7ecf64a62c65c,1,1,1.0
7d377ffb978594740b4227075e649abb,1,1,1.0
108517c62389410cf9398e0d450cd7d9,1,1,1.0
0eba8e97263f508fd796a9a3bda1ad17,1,1,1.0
57b01d5a21a139ce4378b39d4fab33c7,1,1,1.0
337c8019d66fa6bde9350e885b5b4c2d,1,1,1.0
80dca8b024e31c7a6d6a850d57e5788b,1,1,1.0
0a29c8f0b27a65adb39086c18dbbe9b5,1,1,1.0
c7eed56e3e87e0ce71d9a217448b6ae8,1,1,1.0
b08ba7f16bc5916059a55bded9208097,1,1,1.0
baa1074b6946d1b048f62b4ebd15f372,1,1,1.0
5b2523cb913d5019eb2cb426602285df,1,1,1.0
1f7d45b2bcd16883507535288d3de02b,1,1,1.0
06c30e6e38741a57204ba19d410228f9,1,1,1.0
dc24564379b3d1f12557fbd51d529d89,1,1,1.0
dc719d85a9cb8b703e5d144bb031c9d7,1,1,1.0
7b6d67693a683bdf45c7c247015905c8,1,1,1.0
286234cad3d6506e3020da6b2638337f,1,1,1.0
c2e5ed449fd1689649c6e8bfd1a6b5a2,1,1,1.0
14c774e19de9db650ae10a1062445957,1,1,1.0
3b9a13b1ea7b1f66d66977ce98a69303,1,1,1.0
ab096433532c5f968feb52c649a20498,1,1,1.0
433af651378a909e602808991b8a645e,1,1,1.0
0f451ea2bb12280cc5ca3cfb562aac52,1,1,1.0
9ed8b207ac207953a0508ca755dec623,1,1,1.0
a4dd83e0299c88a450cf07427119c4a4,1,1,1.0
703d4c3c2da25db1db43cd8a42d7b911,1,1,1.0
f8e8f5b32052ad5140c506a966effc5c,1,1,1.0
bba083a83c8b5525161cb3bd5ac6a990,1,1,1.0
b876d5e7a3f64fc2719dcf5a77303da8,1,1,1.0
a22ef10dd7dc76ce21bdd65dfc49f122,1,1,1.0
0554e81b2824a40977606cfb82205a1a,1,1,1.0
444632ca7acf201a46a708e7f1168da6,1,1,1.0
48de6cc1e41282db33e52198b097a789,1,1,1.0
558c71fa94bce1f664e32869893579db,1,1,1.0
71448a0886761c6a3a3d3e35949ceaa6,1,1,1.0
df4dba65c622957d37dc5f112e099d20,1,1,1.0
7530fd46f549a15191fabbebf597e20b,1,1,1.0
4a61bdcc87f44fa86696a5a7b07101a3,1,1,1.0
a2607dab406e005d5c3841f7ab8760c8,1,1,1.0
80d5382bbd1bd1755a3c00e65bfb2199,1,1,1.0
87a38dbdd73ca252c60174e011f645db,1,1,1.0
9ed8b207ac207953a0508ca755dec623,1,1,1.0
bb50834e7a96b95f47185d402d99a1dc,1,1,1.0
90c041ebebdf69cf90ed05fea6a6d350,1,1,1.0
fcd86fefc9a89c8fe8c890c8bf4bd533,1,1,1.0
f939fa0ed42409c82a6bba97874a4db5,1,1,1.0
eb489d9a9b535b5e139a128d747d0309,1,1,1.0
806ca4d1c0eb769257096f164567ff53,1,1,1.0
f65bda3834f435369a7aa2c4a1701f4a,1,1,1.0
d6583c764af7c82ab6b159aabc1ff7e2,1,1,1.0
5245cdcf1377c6d5b7aabe02a9f5ccb1,1,1,1.0
079b025607e296d90feeecccf1767b12,1,1,1.0
211a687465366c64282a2dc0862be4eb,1,1,1.0
819a972ec2b2c9e1746b7c67682bedf2,1,1,1.0
b1f26578b20fad578ac496c3bab06131,1,1,1.0
178d694de9bd1d59fd7430c5ab2a55b7,1,1,1.0
cc040ae655d9bd922e939a79c1889dc4,1,1,1.0
724c7f276079bbebf77c534a468e1728,1,1,1.0
37a0d112aa8d4f40b938a5b681605a97,1,1,1.0
c8f68a4b36af964745081e4bc5ef2e47,1,1,1.0
4b983f74728b1a7efc04fa33fd73c578,1,1,1.0
bfffe2962c173d00d69c58c17660b5de,1,1,1.0
8ee0f92f239c4546be2630c3a5a38995,1,1,1.0
ec999c9b3d76a211d2fb11de47660c1d,1,1,1.0
eb95004f9ef549538ec6cb13658860d8,1,1,1.0
55cccfafc260bf75d27ebceddd631808,1,1,1.0
84604d4915f1cab2ecd2c228cad893aa,1,1,1.0
2d241b7267d18a3b9aee58414851456b,1,1,1.0
454c2113261d02bbed810aec59ddabea,1,1,1.0
4b983f74728b1a7efc04fa33fd73c578,1,1,1.0
26a5c8aa93a5caa4b6899c3b269279a0,1,1,1.0
865b6cbe9e28575d9caa8b2dfbee8130,1,1,1.0
9c48d7255877d234f7201b942999ac28,1,1,1.0
adff09dd919936024014e3f0eda0116f,1,1,1.0
1c07e3647fa6caddd1bb6f0a9691556f,1,1,1.0
0eb1af92b6d8aea7a30a42f473e3041d,1,1,1.0
a3b4e569c31731e860428f644bd49038,1,1,1.0
4e11f8e56b5c334a991495b839819415,1,1,1.0
a7b7a198713456893db03ace1e3a194a,1,1,1.0
90dbaf5d68a0ef707ba48cc71cb27bd1,1,1,1.0
caabf39effcd34a6021fa924849ef4fa,1,1,1.0
7dc9e391e231a01b045480a95a8560a2,1,1,1.0
23e07d33de87bc189aa063cee544858a,1,1,1.0
d3603ac2e8c8f2ef2d109573ab9e4583,1,1,1.0
4b983f74728b1a7efc04fa33fd73c578,1,1,1.0
de20a3b42846fbc1ec5d137b9a5f654c,1,1,1.0
3f649cc6d6ca1a88f9493be26f8e9395,1,1,1.0
4b7927ca03141aba0f052838859ab420,1,1,1.0
feec14eacae4e326ec1f4cc74f17a925,1,1,1.0
ff0ba14787dc2cd65362db505bc41404,1,1,1.0
e827a425f51e572ceb3b364ca9e9bf99,1,1,1.0
1dcd3bb9e3f9c255daea21188ed10aa6,1,1,1.0
fa8b506f776c2ad679387de46eedd197,1,1,1.0
f384f2d7e191cd58d39439414747e93e,1,1,1.0
2b93bdc6c9c41d10eaff63f7a27fa280,1,1,1.0
eb59defc5aa1a3316d628353f06035fa,1,1,1.0
0d70ae3a5e62d6bb95b9ab06255036e3,1,1,1.0
82c40fc8730485580fb159da7376fb5c,1,1,1.0
792e48ebbc86fa17368f1ab6ee49db13,1,1,1.0
c5d8d1c84e49ff8720405381040fc5dd,1,1,1.0
bdd00a99c7708acce617038ca7329102,1,1,1.0
f19a9d7054ab206800c0b852425a4726,1,1,1.0
14cc98fea7979ce8be2497f10789c6e5,1,1,1.0
21b4a1ede6a209976cde28a2118f3490,1,1,1.0
a2e7d740efa8d0ba31f69bdbe9d4e9c0,1,1,1.0
566f97bcf8fd531c203ed6a5e8089817,1,1,1.0
8075d27cbca2310bd389408df464ccc4,1,1,1.0
56022aaf96bdced4d517d0edf2e23074,1,1,1.0
df246db8ae08ba9b817a45eae7b5f25b,1,1,1.0
558c71fa94bce1f664e32869893579db,1,1,1.0
687f5d82ef218993f29c850339e1c6af,1,1,1.0
79c96e236ea9e4cc8a560f3779049d08,1,1,1.0
533a39e79bb7e1d759e5c3804d85d005,1,1,1.0
dd690a438e446658e4151fbbf636521d,1,1,1.0
d28431333088bc77306d45da212cb7cb,1,1,1.0
c4529aff89f19c7e617522f903bf231c,1,1,1.0
e9a9e60eb6bae5e8c7c4c1b74ac0e8f4,1,1,1.0
c432028774483fd81ab8df62f2e5a161,1,1,1.0
41f7b89ed3414ee92cfa5744401a85fe,1,1,1.0
1e17803d22ea89ed2604fe8b53dfc660,1,1,1.0
fcd86fefc9a89c8fe8c890c8bf4bd533,1,1,1.0
3292f0704c5d11e2a5e95590897218d3,1,1,1.0
1e9a67f011923f5a324ac68e1a6577cb,1,1,1.0
6baa041612180c3437191c1b8a71b680,1,1,1.0
f2b1eb3074eccb866d160f60127cb92f,1,1,1.0
f8e8f5b32052ad5140c506a966effc5c,1,1,1.0
59d4a2a7b649924ff3ca4b763cd54baf,1,1,1.0
bb880c344c2f763f2545d16a83d51663,1,1,1.0
b52ba80e804188d4dbc2e39f1c62589d,1,1,1.0
70aa3ff066be00d63ac7c2a159755b29,1,1,1.0
ca62abeecf8c6ad5f72df7c1c1ad1e7f,1,1,1.0
1dcd3bb9e3f9c255daea21188ed10aa6,1,1,1.0
bb8201b3065bc1f08b881a59e2a7feca,1,1,1.0
3a114f52a1243c46d33707ccd2cf5fb7,1,1,1.0
d2ac1b85c357d51c6b7a7d5b35d842cc,1,1,1.0
1dcd3bb9e3f9c255daea21188ed10aa6,1,1,1.0
faf60d1008a80d7e557d762a3988860c,1,1,1.0
36f21cc17a6b4c6e203b3eda888a9789,1,1,1.0
2fc735565904e7dfdc7700c3b11ef2dc,1,1,1.0
612cb2b59607977ea1085ed5eb21a1c4,1,1,1.0
572afcf7813848b2486aa62577f4503a,1,1,1.0
59ba9b3005470e657d1be760e66222ca,1,1,1.0
552d39a365458452541e95701788745c,1,1,1.0
6a11a0ff92e67522fec90384af02792c,1,1,1.0
8075d27cbca2310bd389408df464ccc4,1,1,1.0
f0f15139b756e0512ae001a7e1257e67,1,1,1.0
f11a37dbde4649e4a58f558691021c96,1,1,1.0
01170c016f8dd1fe2f43fb5bf6c43564,1,1,1.0
7fdd60e7f2fcf8aff51d8cb9e46e25a4,1,1,1.0
dc24564379b3d1f12557fbd51d529d89,1,1,1.0
0a86a6812cfc542423aaaa2d188ee493,1,1,1.0
fe62efe11b4cb82e21e69a59ced18cac,1,1,1.0
fcfdcf6674891cc4be0fa9a239350eed,1,1,1.0
787cb59e7e19fd4c0b749f66a6cbc447,1,1,1.0
e39fde64d8a67b1906b8c6502895edbc,1,1,1.0
dfb5dfd7b4b86458e99590853c7a52b5,1,1,1.0
9fec057c00841f8f8d4cf7ca16bfdc2d,1,1,1.0
622161f46b9540cacaa0e6a98b99c1f5,1,1,1.0
946b1ca5f573dd65063478624d2e95e3,1,1,1.0
37a736a704d2de572db217142aa4b92b,1,1,1.0
8c627c3e99ce40aca0cdca76a6f963bf,1,1,1.0
1f33d1968721a0172ee973b39747e412,1,1,1.0
08419e82c2a0f48160a1b68494d58f6c,1,1,1.0
872f508faccdda66098da8c9ff37e613,1,1,1.0
60592e246dc36ab75bc52f9e2c01fdec,1,1,1.0
c5d8d1c84e49ff8720405381040fc5dd,1,1,1.0
a040164f862959cc8b85e5fd636b9831,1,1,1.0
193b185914811432e1e0532a0d767073,1,1,1.0
d8a90bff8ae32c141b8e73e30ac730df,1,1,1.0
142819ccd2370dc6cf371ea91ad0afc0,1,1,1.0
86d4239a622874b4803a940ae83d1b42,1,1,1.0
6a11a0ff92e67522fec90384af02792c,1,1,1.0
dbdcb417fc2d324845d254695dd25b3d,1,1,1.0
846e70114ce0b78f35402908206594b8,1,1,1.0
94e879fc8105350a7f40068b88b738d9,1,1,1.0
8ee0f92f239c4546be2630c3a5a38995,1,1,1.0
ca62abeecf8c6ad5f72df7c1c1ad1e7f,1,1,1.0
33cbb45bf256e3af97b599ba6a9db6ae,1,1,1.0
c78d198abcd0609e2f703dc2618acf09,1,1,1.0
b5520995cab34546dada35921506a1f8,1,1,1.0
9e390c1c0f7258b592fa7e99feaa0cbb,1,1,1.0
38469b842f1f7a36d3ae7d924b31e0ae,1,1,1.0
98de006028be532c63dbaac84ad8bf40,1,1,1.0
a7a9dac0ffc2ad56c66a1b08d53d0e51,1,1,1.0
ef7700ac9ce4e557e38dc371a2578738,1,1,1.0
366980d4fa51efc8e2e21ff9298e9d65,1,1,1.0
78e54b326594401c732fc2ace4e40636,1,1,1.0
ce687bf801210b1d1e094f0a0c9fd4cc,1,1,1.0
3730122b9b4cf6dc27a5e6aa1d710a6a,1,1,1.0
453d38b7237750949a1d0d4dfafb4143,1,1,1.0
782d072e7b10d8447b4f8b2dd23cab7c,1,1,1.0
86d4465c867fa313996e82950cb1bb83,1,1,1.0
b876d5e7a3f64fc2719dcf5a77303da8,1,1,1.0
b1eac2c0018a1aa3e1ee5c74f7061bea,1,1,1.0
89edf29509fb32cb49de11bf93988c71,1,1,1.0
6cc3ee33510248bf292948e55f31f309,1,1,1.0
0c13e6a1387935744137927e21f8301e,1,1,1.0
4022c7746fd4e2c8af7286813bafce6a,1,1,1.0
e20bce98ad9d54099742e4c7a707357d,1,1,1.0
808bea2f64001d41bfa67bac4a21e552,1,1,1.0
f8a228fe22a971a987fa8ee47615fc70,1,1,1.0
24edc44d12595169e786d081faa596fe,1,1,1.0
ed050009229e0ae62d319ea54c31251d,1,1,1.0
4b7927ca03141aba0f052838859ab420,1,1,1.0
05ccc50030ed653bdd5694e61831caac,1,1,1.0
1d26daa7da9869cc92025069ae98eb68,1,1,1.0
49365c66068162cfa8ea444ead263eeb,1,1,1.0
724c7f276079bbebf77c534a468e1728,1,1,1.0
865b6cbe9e28575d9caa8b2dfbee8130,1,1,1.0
431bb3ddaf57c5a64f90580df1351609,1,1,1.0
1a8b86de83dd0b1fb1c13b4539c5040c,1,1,1.0
e12839ee323b1c82c15a1c729181d746,1,1,1.0
3bd97d79feb083b315baa9545c76c84d,1,1,1.0
5c0cf90f1b0d8274edeb636b2ca133ea,1,1,1.0
e4c50306e6830df046be1c7d237b09d9,1,1,1.0
d9d0d5a7dc08a52c1d15aacf9f06dfe0,1,1,1.0
b34cb638051f90891c14f5f7848dce3f,1,1,1.0
18460927730d1468ad9e490cef8d94a9,1,1,1.0
b34cb638051f90891c14f5f7848dce3f,1,1,1.0
0ad99572e46a4f6311c94dd1e6df71ca,1,1,1.0
faf60d1008a80d7e557d762a3988860c,1,1,1.0
669f39a5a2d867dfa00eb2f884ec5609,1,1,1.0
fda3dd8715e800dfe1a50c4f0cf8f993,1,1,1.0
0730693fc1052761abce58340c5619d7,1,1,1.0
df67eec319fe0c9240d681e24450036c,1,1,1.0
c1e657b3fb2d3a0ea1b6e0a12674a56b,1,1,1.0
c069377b03270c9a64468673fd1e7001,1,1,1.0
2fc735565904e7dfdc7700c3b11ef2dc,1,1,1.0
446288cd43f570a20af32011574399de,1,1,1.0
1bb371ef8671b13e265942917f3679fc,1,1,1.0
7aaf1b8832cdd5ef1845a369e43a287d,1,1,1.0
37a736a704d2de572db217142aa4b92b,1,1,1.0
d5711656692a07151db05e0b0d18168d,1,1,1.0
aa13f5e551ed9dd0ebb927b161e40df0,1,1,1.0
05ff1a157e93cf0caf53b92ef0f1054d,1,1,1.0
f6069905f61b9357bf9f389dbd6e767b,1,1,1.0
b9eafd9d71cbfd4e0b0c48fcdce7738f,1,1,1.0
4c9814d1069ebfb8d34cbb807ade2892,1,1,1.0
1bcfbbb7b77f72d66ef122504cd61c9a,1,1,1.0
61a1ee4229b15b32d9ce0787b6bbf912,1,1,1.0
90dbaf5d68a0ef707ba48cc71cb27bd1,1,1,1.0
5cdb3749c8edee053b3c6845ef918fbf,1,1,1.0
1ae0e217878d6bbb0ca80d49795ec9c7,1,1,1.0
86d4465c867fa313996e82950cb1bb83,1,1,1.0
b34cb638051f90891c14f5f7848dce3f,1,1,1.0
babb44a9dc1c1198af444071a4d15226,1,1,1.0
0019baf3ed1242cd99b3cb592030446f,1,1,1.0
9958f821c9fbc023f7e3800d9c7f527f,1,1,1.0
1a48dbd5cc49dc74542bd008a684e247,1,1,1.0
e20c4871aa343db33d38bb71b6ab5564,1,1,1.0
075ded2164a5dbaa0a5791ad9f7018f8,1,1,1.0
9ca6298400dbc960a48a46aa6abd3db7,1,1,1.0
33cbb45bf256e3af97b599ba6a9db6ae,1,1,1.0
2a3efa216aa571b7e413c99d265884db,1,1,1.0
d31effda58494d3fe2679ee026272e23,1,1,1.0
3b9a13b1ea7b1f66d66977ce98a69303,1,1,1.0
b8b7efcf03a25dc68acd6f5a8f841314,1,1,1.0
b8ff9f1d201b7947078be7c4a697b548,1,1,1.0
42b48827d5143d0300db356f77e109d1,1,1,1.0
fe9669236c80dc54a96e397342137257,1,1,1.0
a7a9dac0ffc2ad56c66a1b08d53d0e51,1,1,1.0
27df8d030f839345fb2adab3bf1916a7,1,1,1.0
77a91a650951df7dc667b9c2615fcda1,1,1,1.0
faf60d1008a80d7e557d762a3988860c,1,1,1.0
e8948a5469344e9ad0dfcacbb705f709,1,1,1.0
94e879fc8105350a7f40068b88b738d9,1,1,1.0
e12839ee323b1c82c15a1c729181d746,1,1,1.0
b5e214e0bbaa203991143fe6bc9776c2,1,1,1.0
70928f7ba4a45d94bc2add22d3a96806,1,1,1.0
feec14eacae4e326ec1f4cc74f17a925,1,1,1.0
dabada9808d78232dce891b78241aae8,1,1,1.0
e2db0f7f137d0f89cc6b4d31d3c800be,1,1,1.0
1a172b1bac614d36a1a13253028f2ba4,1,1,1.0
5ccf50768ea349261f93ce6658f115be,1,1,1.0
3da39e327b404233fc44083454f597ac,1,1,1.0
4d456153f156b6225f7da69e8d103c58,1,1,1.0
b246e9882159161f18e310d1e106b729,1,1,1.0
8b5d236ab7d880c90ef0f40892ea3f88,1,1,1.0
1a8b86de83dd0b1fb1c13b4539c5040c,1,1,1.0
13f7bc4b4ceb55e93cbe3a6b37e6b806,1,1,1.0
60121a261348ab09ee0804310c96f4fe,1,1,1.0
e9c1d5256dce38e1e2d491b987bbea1a,1,1,1.0
f8a228fe22a971a987fa8ee47615fc70,1,1,1.0
86d4239a622874b4803a940ae83d1b42,1,1,1.0
abe2a2f9cbc15caaebc51b9037c7cf6d,1,1,1.0
839492301e7c2d24c02c89315f307e39,1,1,1.0
f19a9d7054ab206800c0b852425a4726,1,1,1.0
ed56acbf1db880d932004d626fb3363f,1,1,1.0
0a1f947ce271cc7dae7ef9ca7f71f422,1,1,1.0
fe62efe11b4cb82e21e69a59ced18cac,1,1,1.0
dd23036aaebf4516466f24f1eaca19b6,1,1,1.0
1bcfbbb7b77f72d66ef122504cd61c9a,1,1,1.0
4fb528b672bc41ab7d41f7f89514b6ba,1,1,1.0
e20c4871aa343db33d38bb71b6ab5564,1,1,1.0
0a29c8f0b27a65adb39086c18dbbe9b5,1,1,1.0
fc1109847dbb7451332281217eb5e8cf,1,1,1.0
e4c50306e6830df046be1c7d237b09d9,1,1,1.0
c4c28950d416338e07fb913d45de0607,1,1,1.0
1e17803d22ea89ed2604fe8b53dfc660,1,1,1.0
c9c069708535084ed251ff72ebb1b197,1,1,1.0
0ae264698cff77e0b05ee0318046c96e,1,1,1.0
9abc34ceb3bf616600f1f3ed012c85db,1,1,1.0
c0776621cd2c6c8ae4a2fe26e52ef3da,1,1,1.0
2b382ba7ef9f48adf5d6caffda9f2149,1,1,1.0
26a5c8aa93a5caa4b6899c3b269279a0,1,1,1.0
32fb1dfb29c315c3452172bc66965df5,1,1,1.0
c2c6f4f465a1f9afb51d75208e9927dd,1,1,1.0
592a11fc556136382edb9420a34c520c,1,1,1.0
a2e7d740efa8d0ba31f69bdbe9d4e9c0,1,1,1.0
8ee0f92f239c4546be2630c3a5a38995,1,1,1.0
2c682f10f5d27dc83fa5ad3f67666205,1,1,1.0
1c8c93e4ea782d4ecbbcaf478f3644e2,1,1,1.0
e0da3af15a12402ea9ef3d968af98385,1,1,1.0
d29fe4478ce2c571337f5f4ad09f3f15,1,1,1.0
808bea2f64001d41bfa67bac4a21e552,1,1,1.0
227d8b01b63ecad93fae3a2855f8b9cd,1,1,1.0
572afcf7813848b2486aa62577f4503a,1,1,1.0
d0a6f71671571ed83b2645d23af6de00,1,1,1.0
1c15c509b1e9a1a9a63121c26f2cdf6a,1,1,1.0
0019baf3ed1242cd99b3cb592030446f,1,1,1.0
327aac5866baf2bfe6a14c359a515aa7,1,1,1.0
9d9b57c99273891ac6ecc4becca612fc,1,1,1.0
ce687bf801210b1d1e094f0a0c9fd4cc,1,1,1.0
1fdf2e190a348d07b187b6b14b55b521,1,1,1.0
4906768af2883ae2f9892c78f84874f0,1,1,1.0
a5269bcab8d383e4fe484889abf43dfd,1,1,1.0
5b0589511a3581ab788c02cd8161258f,1,1,1.0
11c71090b118194cea76b49872ce7152,1,1,1.0
c3226d0d236d299e086dc2219dfe326d,1,1,1.0
207d0b1a0fe18c941aeffbdbfd2e61ce,1,1,1.0
d16c9eac51633c58f669a337a9a4e0c9,1,1,1.0
66757652fb2b8e9e82dcc72bb7ce811e,1,1,1.0
268841880c5a87fee0d228ea73ddcd56,1,1,1.0
3f649cc6d6ca1a88f9493be26f8e9395,1,1,1.0
703d4c3c2da25db1db43cd8a42d7b911,1,1,1.0
a81a3d6efae8a0a620852d20898950b9,1,1,1.0
424646acdd511495e928a3c2502b561c,1,1,1.0
12b5f3733bf9ed9fe097c7c8c43a37d8,1,1,1.0
b96aa3a8655203318c6b853dbdb0ceb7,1,1,1.0
e39fde64d8a67b1906b8c6502895edbc,1,1,1.0
c21213dadc199040c1706baccae49cb8,1,1,1.0
8e6611c7e3c5df0ddd1c979488737e43,1,1,1.0
acc790aa776c1bc6261925663d9e1b7d,1,1,1.0
17c0d9897c434e2df476e2a74405c644,1,1,1.0
2b93bdc6c9c41d10eaff63f7a27fa280,1,1,1.0
419a41537346b02f27486eda330487ac,1,1,1.0
946b1ca5f573dd65063478624d2e95e3,1,1,1.0
4bcf41c833380b4fa7dd142ddae433de,1,1,1.0
e9a9e60eb6bae5e8c7c4c1b74ac0e8f4,1,1,1.0
3c95a82ab6522e85d1759dc696b80e6a,1,1,1.0
547886dab065e36d533e4fd790c4e7b7,1,1,1.0
35a20428ff2b61563bcd48676c037afe,1,1,1.0
4bcf41c833380b4fa7dd142ddae433de,1,1,1.0
82c40fc8730485580fb159da7376fb5c,1,1,1.0
0019baf3ed1242cd99b3cb592030446f,1,1,1.0
c68bb56107c010ba795083dfdb4a9d5e,1,1,1.0
3778d6ab40763ed13bb281bd32f77394,1,1,1.0
a53fec91b28d8d3cafcec7a054aca44b,1,1,1.0
89429ee1e0b835b19cf402489c7aaee4,1,1,1.0
9ca6298400dbc960a48a46aa6abd3db7,1,1,1.0
c6694f2ab13a5212f4e1d0071fe48c3b,1,1,1.0
aa13f5e551ed9dd0ebb927b161e40df0,1,1,1.0
56c5b7ee7f8f538dfe3fa00589927a4d,1,1,1.0
20c0aacd1b35a4215d500f0b922f55cd,1,1,1.0
7714fbf451e730647083f9c24e35c8e5,1,1,1.0
bd5486b92fbfba419ab9c2126c05a9b4,1,1,1.0
9bd7cc1ce2b4405ce9ad12e82683781f,1,1,1.0
a1fce02507c46fb3686c7b880efc5b0a,1,1,1.0
f412178ff85152bffd0dbad076928e0b,1,1,1.0
f8a228fe22a971a987fa8ee47615fc70,1,1,1.0
a5d69edbd7b9423eae3e09901f0d8949,1,1,1.0
ebdfd787bb9d8140330bdfbe6185a442,1,1,1.0
a2933fc8c7842d679aee378c05763fb8,1,1,1.0
187c11a5cfd44cb9d003e695472dab4d,1,1,1.0
84604d4915f1cab2ecd2c228cad893aa,1,1,1.0
7b6d67693a683bdf45c7c247015905c8,1,1,1.0
1c7b828fa8bec7a16f095e072d7178ee,1,1,1.0
8075d27cbca2310bd389408df464ccc4,1,1,1.0
1f7d45b2bcd16883507535288d3de02b,1,1,1.0
a8e3049bda65bc0cecb0fe798e0adaef,1,1,1.0
108517c62389410cf9398e0d450cd7d9,1,1,1.0
b08ba7f16bc5916059a55bded9208097,1,1,1.0
92e3d2e5da85e2ff522cf1dff5ed1f19,1,1,1.0
572afcf7813848b2486aa62577f4503a,1,1,1.0
2a2ca2d22cd49dc9228ccedf54f9e75c,1,1,1.0
fa7cc947a4e0abbc1f6cc7a2260ca907,1,1,1.0
60e61f5a867c2750def17a5812d21380,1,1,1.0
874704a930e3c7bd4c5b2bf8301c83db,1,1,1.0
e12839ee323b1c82c15a1c729181d746,1,1,1.0
6cc0c368d72887e3e9fbd5e9d169c6fc,1,1,1.0
24b068604793bb80d5391d74e6389b19,1,1,1.0
fc69fd19f5403d81bd45e1660b2e11cc,1,1,1.0
1c8c93e4ea782d4ecbbcaf478f3644e2,1,1,1.0
ecfe69444a209b52896d1047c6521d32,1,1,1.0
566f97bcf8fd531c203ed6a5e8089817,1,1,1.0
0554e81b2824a40977606cfb82205a1a,1,1,1.0
7fbc0bf4c676cd806e56c5ca92064adc,1,1,1.0
4b983f74728b1a7efc04fa33fd73c578,1,1,1.0
c60599466a649b339f3cde045368d823,1,1,1.0
9b870ff4fb5083f95bb301d05a2bba77,1,1,1.0
60121a261348ab09ee0804310c96f4fe,1,1,1.0
0957741efe88eab5ecee6f844067375a,1,1,1.0
a22ef10dd7dc76ce21bdd65dfc49f122,1,1,1.0
b1f26578b20fad578ac496c3bab06131,1,1,1.0
2ffae69953bea67f0e8cecbb5b83450c,1,1,1.0
6c46c079119b1fd5ce5bd3d14834f1d8,1,1,1.0
55cccfafc260bf75d27ebceddd631808,1,1,1.0
4177733709074219524b95aab218529a,1,1,1.0
3f5b564c4420a5157f5a385c0112dc14,1,1,1.0
e73c7ab44605de043470eacd6473c6e6,1,1,1.0
7ab4bf4878d8f7661dfc20e9b8e18011,1,1,1.0
e561f1d90dd8fa93f7cb9dc17d4183eb,1,1,1.0
e2e25e7f8514e6a12fc1de9013dceb27,1,1,1.0
282e43fe1dc094f2972f64a88e8ffa8e,1,1,1.0
1c15c509b1e9a1a9a63121c26f2cdf6a,1,1,1.0
22dc23342f14ea066c71cc3778c0a10c,1,1,1.0
a53cfe6f2c808a0328e0d202a128bd9c,1,1,1.0
449e22add96b06e73b7ac17eca729b35,1,1,1.0
2558eceb697bc072331a3b2aadfbadcf,1,1,1.0
7e3cc2a0bcc05c25787251527e7b7a10,1,1,1.0
78e54b326594401c732fc2ace4e40636,1,1,1.0
81a9bf15e42fe68b66a924f921d36eb2,1,1,1.0
86431925d0cdd9a83775efd50dd8d390,1,1,1.0
efe322039e59d2f1d0fe9c10969c2199,1,1,1.0
00d7c1ccd3efa5e0fe4470e1c4313c5c,1,1,1.0
1c07e3647fa6caddd1bb6f0a9691556f,1,1,1.0
a955c76505954c395ffd0ca85f473801,1,1,1.0
d8346d0fe3e377a2c9a73f66642aaf7c,1,1,1.0
9587c61d5ea4bf49315802b92e2a7d3e,1,1,1.0
a5d69edbd7b9423eae3e09901f0d8949,1,1,1.0
d11540abe0b8b53ad5e17e73bd5565dd,1,1,1.0
a146300057ceb4bbb7117c7dc9ebb43c,1,1,1.0
ed37cfa026c212660ce235b69eef578b,1,1,1.0
c0776621cd2c6c8ae4a2fe26e52ef3da,1,1,1.0
41e52907c75e443716fb8e854fe6b6f4,1,1,1.0
8fbf1960ad3a3d712ab35f970f3d6c57,1,1,1.0
9e103b8fd0ce44d659a4c20914b027c0,1,1,1.0
a8146575b5250126bbf358edc7b1d18f,1,1,1.0
075ded2164a5dbaa0a5791ad9f7018f8,1,1,1.0
1c07e3647fa6caddd1bb6f0a9691556f,1,1,1.0
76fb00f3a1a1c329dc0dd35f24019929,1,1,1.0
b061d115ed050c8c182fd39d0dc4bc19,1,1,1.0
8631a936e61581fb0c623918c499a4d8,1,1,1.0
3f0f6cd09eea2463fb00f3a0107d484a,1,1,1.0
424646acdd511495e928a3c2502b561c,1,1,1.0
595c1560421cb312ba6c6e1e695386aa,1,1,1.0
0604d11c857f800718f48caa700756b0,1,1,1.0
be3c7fcffe32b94c2b5a6b7891482651,1,1,1.0
4526e5631088c334974ac5e2bbb62e76,1,1,1.0
d29fe4478ce2c571337f5f4ad09f3f15,1,1,1.0
feec14eacae4e326ec1f4cc74f17a925,1,1,1.0
8d2533a90c96a7ac5e8becf193a19e8b,1,1,1.0
d9d0d5a7dc08a52c1d15aacf9f06dfe0,1,1,1.0
286234cad3d6506e3020da6b2638337f,1,1,1.0
ff3f1295f7296db51b94c012122a23b1,1,1,1.0
1bb371ef8671b13e265942917f3679fc,1,1,1.0
df67eec319fe0c9240d681e24450036c,1,1,1.0
aaa7ca7ca76b632795dcc7a80097bae1,1,1,1.0
3da39e327b404233fc44083454f597ac,1,1,1.0
44fec0c13f5fecf593f3bdf7456fcce8,1,1,1.0
faf60d1008a80d7e557d762a3988860c,1,1,1.0
d74c00d93847e81d6773d0577f31867c,1,1,1.0
f8c4836acdc47640dc637cc72c7c2b14,1,1,1.0
7ff68cfec6cdadd370b9fb5bbbea27d0,1,1,1.0
5ff3c45edc8c4ca33bb81dc03c4cfe4d,1,1,1.0
d7560fc747c4278ab276dfe1d0bb872b,1,1,1.0
8b5d236ab7d880c90ef0f40892ea3f88,1,1,1.0
2af2b93dce7fd047e29ddbffbf10b92f,1,1,1.0
11f3abc52f03e8b375169bb20db44c51,1,1,1.0
c6ab4d3e42d23a7a784211fc4a25abb6,1,1,1.0
e8574f98214ef6d8a7162a1337662d99,1,1,1.0
f652b01cd454785771102036a620ce68,1,1,1.0
1fdf2e190a348d07b187b6b14b55b521,1,1,1.0
06a2852eff94452253ff5756bcaec7a4,1,1,1.0
48cd821867e768dd376da9fa9b9a3063,1,1,1.0
b8b7efcf03a25dc68acd6f5a8f841314,1,1,1.0
80d5382bbd1bd1755a3c00e65bfb2199,1,1,1.0
853676105d2f1710de3c3d153ed22e3b,1,1,1.0
48cfc269f12b3ab04b09a2ffff2f6d22,1,1,1.0
e483f177c8f9d12d4b5dcd82110fab8b,1,1,1.0
66757652fb2b8e9e82dcc72bb7ce811e,1,1,1.0
38f62c2f7820916f28c546c49bf14273,1,1,1.0
22dc23342f14ea066c71cc3778c0a10c,1,1,1.0
a81a3d6efae8a0a620852d20898950b9,1,1,1.0
412c6def4e39a6994b769e6ffa03abb4,1,1,1.0
16e56a3aa41950979dede5650f6915fe,1,1,0.9966666666666667
fcca3d1dd9918b3fab17c59ace6eb9c2,1,1,0.9966666666666667
9ef85411394b3b76a473db8c5cee8780,1,1,0.9966666666666667
867363e7133bc250e8add7e57c2eb3ce,1,1,0.9966666666666667
f7c8c026539ab46f70a77f30efb292ba,1,1,0.9966666666666667
3e34b4ceb0b57593f20f1c41f02abc3a,1,1,0.9966666666666667
b18b5be050f94c50c05400cb30ea39ee,1,1,0.9966666666666667
592ec7c2977476a6f3cea59f5d93a9ab,1,1,0.9966666666666667
44abdc0582ca8c1ea1babd3e9e8aaf2d,1,1,0.9966666666666667
babb44a9dc1c1198af444071a4d15226,1,1,0.9966666666666667
ef7700ac9ce4e557e38dc371a2578738,1,1,0.9966666666666667
d3603ac2e8c8f2ef2d109573ab9e4583,1,1,0.9966666666666667
d52b00b6ced448ec958fc30d8115aa01,1,1,0.9966666666666667
50789a6eff5aca7aadf76a199fed22d2,1,1,0.9966666666666667
82d8f802eebad412019959afd98e23c9,1,1,0.9966666666666667
7d58bcd893bb0973a8453579543c5b2e,1,1,0.9966666666666667
a32578095b618e3971b858efa89a5486,1,1,0.9966666666666667
04a569f03e117dd452062773263bb7ec,1,1,0.9966666666666667
bb601acdc51af77a1efe47cdda0af45b,1,1,0.9966666666666667
ee60fad40a7f445fc7569c5639a897cc,1,1,0.9966666666666667
ad7b1c74f5e686d167a7463d0464fadf,1,1,0.9966666666666667
29f891649bc098e1f0780d4cbf170965,1,1,0.9966666666666667
145264a2e24a247b20bbf1f99f14e209,1,1,0.9966666666666667
23debd66ac94c696bdbecc40930a518e,1,1,0.9966666666666667
afb737546d35b3efbf00a216002e9583,1,1,0.9966666666666667
5b2523cb913d5019eb2cb426602285df,1,1,0.9966666666666667
ee88ef2638a666037afe5bfb1b1d74a0,1,1,0.9966666666666667
558c71fa94bce1f664e32869893579db,1,1,0.9966666666666667
1b5125add0151708a81564406b36937b,1,1,0.9966666666666667
8ca38f2f7cbfa2892d41c36b1838d597,1,1,0.9966666666666667
b08ba7f16bc5916059a55bded9208097,1,1,0.9966666666666667
794c70a036e20671cd5a5ff60904ce82,1,1,0.9966666666666667
aa808f951f120d1d05a86f495b3934ec,1,1,0.9966666666666667
4f30db1634ac9dc2087423938562c82a,1,1,0.9966666666666667
16424f3adf4de03120e9102a897a21ff,1,1,0.9966666666666667
12291e37e9f72fdfc8bb547e7182b045,1,1,0.9966666666666667
ee60fad40a7f445fc7569c5639a897cc,1,1,0.9966666666666667
030705cedd79f865f984342c1dc5aa3e,1,1,0.9966666666666667
3c0726409aa739215c00ede8977d502b,1,1,0.9966666666666667
1338504aeea313b80cba5d300d8cf3b4,1,1,0.9966666666666667
6716ccc42eeab60171509bb37bf19a5f,1,1,0.9966666666666667
3e34b4ceb0b57593f20f1c41f02abc3a,1,1,0.9966666666666667
2c682f10f5d27dc83fa5ad3f67666205,1,1,0.9966666666666667
71c10ded80c2c59df2b9c93bddea8d9f,1,1,0.9966666666666667
a928278e3f8b06da849e45814e2c75df,1,1,0.9966666666666667
b871b1f6d182ac4eadb982aaf4fb4f29,1,1,0.9966666666666667
df7e1e5c6803ac5ab5610f72fa52cf3b,1,1,0.9966666666666667
e0a754354489e3eadc2cf5518fc883d3,1,1,0.9966666666666667
0a20a78fbcaa0a562612cfce25f08708,1,1,0.9966666666666667
8e58e0b09d9f685cea4c28a6c119a5f4,1,1,0.9966666666666667
adfd1f7a9f63b999f793014da53cb0aa,1,1,0.9966666666666667
a040164f862959cc8b85e5fd636b9831,1,1,0.9966666666666667
ef869962e9df9550a91ed6e929b350b2,1,1,0.9966666666666667
acdf693a0520c1f28b8d36b1862d4c0d,1,1,0.9966666666666667
2439cff68d544f3219af8b2313dc8d07,1,1,0.9966666666666667
7445a5046464de3350c5b7645f7c2523,1,1,0.9966666666666667
14cc98fea7979ce8be2497f10789c6e5,1,1,0.9966666666666667
10e6828ddd62cbcf687cb74928c4c2d2,1,1,0.9966666666666667
e0146123a8b3279abaa52b22c4735231,1,1,0.9966666666666667
65cb91b93ad5b39b874e5defd8f96952,1,1,0.9966666666666667
2fc735565904e7dfdc7700c3b11ef2dc,1,1,0.9966666666666667
376da95acb4e6644932388ee6c4db0e9,1,1,0.9966666666666667
1b19a8ab2fb494105f3c4827bfed84d0,1,1,0.9966666666666667
6556c853aa3703525ecaeaf3c59c381e,1,1,0.9966666666666667
cfe53ea9433504883086fc113f19bf3d,1,1,0.9966666666666667
38f62c2f7820916f28c546c49bf14273,1,1,0.9966666666666667
32a1d3b148f675e9e9f657560c2c9e80,1,1,0.9966666666666667
4a535c3e9b9fa1a8070e252d6fb86c89,1,1,0.9966666666666667
020b2cf4fda97d9000b00374ad959786,1,1,0.9966666666666667
02f1bc2cf106817fb150c4e6a4c6592e,1,1,0.9966666666666667
3d109fddcf4b6f2cbe2fb04f42b3225d,1,1,0.9966666666666667
98f137e8a8f548b4a5d5e5d3d66aeb83,1,1,0.9966666666666667
62e2a25abfc3a447996984ab9c3452b2,1,1,0.9966666666666667
d3b5297e5580ecaf1e31044f5cdcf3c2,1,1,0.9966666666666667
7c5619161c782c71460360a428497398,1,1,0.9966666666666667
b59e36cd4db55e60a07c642a369a59eb,1,1,0.9966666666666667
9a0496da0ef4a81c51856802af3cc58e,1,1,0.9966666666666667
2409cecfdf0b973690c9d16ede718182,1,1,0.9966666666666667
533a39e79bb7e1d759e5c3804d85d005,1,1,0.9966666666666667
840a9d67e3492d37103d2a82fe72715f,1,1,0.9966666666666667
6b68203510e5ed786833a8dd7fbc27e5,1,1,0.9966666666666667
418ff1b9c345c7d933b940e331895849,1,1,0.9966666666666667
cf8b77b2c91626b5aab8cd386c2e1a6e,1,1,0.9966666666666667
0c6cd9e51d6ac4742179ccdb51277f53,1,1,0.9966666666666667
86431925d0cdd9a83775efd50dd8d390,1,1,0.9966666666666667
336c3b8de4aaa7f3e7a20c79a6aaf1ed,1,1,0.9966666666666667
22dc23342f14ea066c71cc3778c0a10c,1,1,0.9966666666666667
efe322039e59d2f1d0fe9c10969c2199,1,1,0.9966666666666667
7ffc4c924caa3a403b9305773a272544,1,1,0.9966666666666667
ba152a8eb68c445b242ea9a78d6e6515,1,1,0.9966666666666667
87b4182f656baf828332b1f39ec01709,1,1,0.9966666666666667
32a1d3b148f675e9e9f657560c2c9e80,1,1,0.9966666666666667
dd8efe4b1673744f7fac940a617044c4,1,1,0.9966666666666667
e4ede24770191fa99cd94e6ea4364ada,1,1,0.9966666666666667
c3f70ecdad7a21621ba5b5d73b2a7713,1,1,0.9966666666666667
86379ba7801a9028e6cc903566d8fbdc,1,1,0.9966666666666667
c31affc17e4e629da2a0ee488fe04ff6,1,1,0.9966666666666667
f8c4836acdc47640dc637cc72c7c2b14,1,1,0.9966666666666667
c91429ebb43af797b22a4c9b671c83b1,1,1,0.9966666666666667
ca21595940ec595765b07ca2e6f321f4,1,1,0.9966666666666667
24b089506304487b1c5bf2c4f3364eed,1,1,0.9966666666666667
0f26ec5c55b16341d7f9d7ac4ce9c2d2,1,1,0.9966666666666667
ff4bcf45e204cd64f43f96dc4dd20225,1,1,0.9966666666666667
8b0043e42290a695e99fcfe09e9ef303,1,1,0.9966666666666667
ff4bcf45e204cd64f43f96dc4dd20225,1,1,0.9966666666666667
17804f8577f09c69f0a9687f5f35753d,1,1,0.9966666666666667
53fb70a38f7fdb4e2219138135a6e9b7,1,1,0.9966666666666667
846c1ecf5fd0d8db433c14b87fa8d460,1,1,0.9966666666666667
2401a4c3c9eb97cc3465d7e076b4c4ff,1,1,0.9966666666666667
fe683d8062ef99d594238099a21fb793,1,1,0.9966666666666667
17804f8577f09c69f0a9687f5f35753d,1,1,0.9966666666666667
52d65a4330270c13ba1f0a0a2016281e,1,1,0.9966666666666667
d7db0b6f006650a3442d2c8c51137938,1,1,0.9966666666666667
fe69a356bcd170da1d8e441bc02b8a06,1,1,0.9966666666666667
6cc3ee33510248bf292948e55f31f309,1,1,0.9966666666666667
15e0db12cbbd8a76a037626691775c4b,1,1,0.9966666666666667
533b178f5550485f0c03dad9400ed669,1,1,0.9966666666666667
36a06865c50ed1bd688b7e83b8d4aa2d,1,1,0.9966666666666667
983dde03b2916c466d4bef0b81b3b752,1,1,0.9966666666666667
562f558f3437590644343977fe9e523c,1,1,0.9966666666666667
1cf76425d13b105ef89ac9698de8f0e0,1,1,0.9966666666666667
5e13894de67bf84cf7e39c20a51f014f,1,1,0.9966666666666667
7d9020b79ee9a40855d912b3a55cff30,1,1,0.9966666666666667
10f46ee2f7a50ea488c514d3478b1824,1,1,0.9966666666666667
ee88ef2638a666037afe5bfb1b1d74a0,1,1,0.9966666666666667
bc3e8d54405e5f12d39dcbb84c21f8a4,1,1,0.9966666666666667
fb7dcb0f4e0dc4ee54874eab2607c4da,1,1,0.9966666666666667
a040164f862959cc8b85e5fd636b9831,1,1,0.9966666666666667
f651331699220af1ae3f42f45151eb3e,1,1,0.9966666666666667
566f97bcf8fd531c203ed6a5e8089817,1,1,0.9966666666666667
c9563809a965bcea59d343e3dd98d44c,1,1,0.9966666666666667
5e13894de67bf84cf7e39c20a51f014f,1,1,0.9966666666666667
030705cedd79f865f984342c1dc5aa3e,1,1,0.9966666666666667
baedced271bf9aa7ba21ea26c3c2b0bc,1,1,0.9966666666666667
e14f54bf02d4e6142827ac2fd319c78d,1,1,0.9966666666666667
36f21cc17a6b4c6e203b3eda888a9789,1,1,0.9966666666666667
f8554b3d2c778baf35cb4562feaab7a5,1,1,0.9966666666666667
2cacb822734440f9eae83a611b70059f,1,1,0.9966666666666667
cf58098e7524afcc62df78abaf02a1ab,1,1,0.9966666666666667
d7560fc747c4278ab276dfe1d0bb872b,1,1,0.9966666666666667
217679f4b492a47243e013d42f1f4ddc,1,1,0.9966666666666667
a63978b733f8d999bf341315a5fd9fd5,1,1,0.9966666666666667
60e7f0506d2b639bcf9720c7a2993651,1,1,0.9966666666666667
1b5125add0151708a81564406b36937b,1,1,0.9966666666666667
39d790ca48ae780dac2450a7621b429a,1,1,0.9966666666666667
2409cecfdf0b973690c9d16ede718182,1,1,0.9966666666666667
5d9b6f69b7da31dc3456cb45a4005116,1,1,0.9966666666666667
5e8cdb45fcc75841d5e0c1be072ac2a6,1,1,0.9966666666666667
1d4a665170914d996d3fb78069495516,1,1,0.9966666666666667
78bb06249d87194197d2d2e361266e42,1,1,0.9966666666666667
5245cdcf1377c6d5b7aabe02a9f5ccb1,1,1,0.9966666666666667
ebdfd787bb9d8140330bdfbe6185a442,1,1,0.9966666666666667
0ceea9b543f09566c23adfac5867c090,1,1,0.9966666666666667
86379ba7801a9028e6cc903566d8fbdc,1,1,0.9966666666666667
18460927730d1468ad9e490cef8d94a9,1,1,0.9966666666666667
0eba8e97263f508fd796a9a3bda1ad17,1,1,0.9966666666666667
83921cc35f7c986919f4a43baf729d0b,1,1,0.9966666666666667
2754b35890b9076bae68672aed7133c6,1,1,0.9966666666666667
871e07e793687f578365400c6f98600d,1,1,0.9966666666666667
d8ebba7a4769a911b000826f82473bcd,1,1,0.9966666666666667
f24902e517956f2930a8d863cfc07d01,1,1,0.9966666666666667
7c162ca3e5f9413a59c8b95ce2b1b7a0,1,1,0.9966666666666667
839a7d1d57fbfb6cd0bcb8e664867088,1,1,0.9966666666666667
d64c94975f7de95d79b07b8810844101,1,1,0.9966666666666667
6cc0c368d72887e3e9fbd5e9d169c6fc,1,1,0.9966666666666667
1575921521ccb53a9d28e1c7d014f9e5,1,1,0.9966666666666667
8d3a847b95a95945621895d1b1bcdd86,1,1,0.9966666666666667
4e11f8e56b5c334a991495b839819415,1,1,0.9966666666666667
87efca429c3ae2ba204db4577a8ae26a,1,1,0.9966666666666667
484e48df2834545cd0f0cff4a0e84fa5,1,1,0.9966666666666667
0b4d2eff71669eb07dc77186bce69d3e,1,1,0.9966666666666667
76f82925b451aca6a1fa322aac6269e7,1,1,0.9966666666666667
1917f024e8327affa0cf12e7dcff6202,1,1,0.9966666666666667
d2ac1b85c357d51c6b7a7d5b35d842cc,1,1,0.9966666666666667
840a9d67e3492d37103d2a82fe72715f,1,1,0.9966666666666667
56f6f134169373aec1eb37a3618b9baf,1,1,0.9966666666666667
fa0f037162293f6a0e8de6bf4bd3002d,1,1,0.9966666666666667
dc706f562e1e0fba2c5a7fe4fb4e4912,1,1,0.9966666666666667
418ff1b9c345c7d933b940e331895849,1,1,0.9966666666666667
c317c33156accec9a5b4dfe24156a2c5,1,1,0.9966666666666667
c30e4df1ceb1541264d47c79a40668e7,1,1,0.9966666666666667
782d072e7b10d8447b4f8b2dd23cab7c,1,1,0.9966666666666667
93ca519d19353040b1119886668b6ca6,1,1,0.9966666666666667
9da8d315c99296525f2900afb96cdfbd,1,1,0.9966666666666667
8548ba228771ee5266c189134603926f,1,1,0.9966666666666667
0a1f947ce271cc7dae7ef9ca7f71f422,1,1,0.9966666666666667
1bea78c911866ce2d784e1ff16d7b320,1,1,0.9966666666666667
547886dab065e36d533e4fd790c4e7b7,1,1,0.9966666666666667
1a172b1bac614d36a1a13253028f2ba4,1,1,0.9966666666666667
558c71fa94bce1f664e32869893579db,1,1,0.9966666666666667
b770c58c10a2b17ebef830c586103c7b,1,1,0.9966666666666667
b1e773762052b38569b1e68aaa10576e,1,1,0.9966666666666667
b7878f5985866f506b7426d368a46ee0,1,1,0.9966666666666667
3778b06d17f0e8493f6f427541459edb,1,1,0.9966666666666667
080787fae10405ec2d8c79d6f5b5292c,1,1,0.9966666666666667
64c0083346b6cb74cd7e13804acdb0fe,1,1,0.9966666666666667
1fdf2e190a348d07b187b6b14b55b521,1,1,0.9966666666666667
193b185914811432e1e0532a0d767073,1,1,0.9966666666666667
366980d4fa51efc8e2e21ff9298e9d65,1,1,0.9966666666666667
7dbbc5d8af781ec063294bea0f7574be,1,1,0.9966666666666667
e99d4482fc94909cf706815c5ae50a1e,1,1,0.9966666666666667
f651331699220af1ae3f42f45151eb3e,1,1,0.9966666666666667
ad7b1c74f5e686d167a7463d0464fadf,1,1,0.9966666666666667
ee683eff74a5140b57c0552da4a330af,1,1,0.9966666666666667
5cf7e64ffa16fe299554009d9f7ca327,1,1,0.9966666666666667
bef65e44bcd3293b354074633e428bfa,1,1,0.9966666666666667
03c029199336b36c40c4c213bd53397d,1,1,0.9966666666666667
2b344034600d369e272a657890cc478f,1,1,0.9966666666666667
2b4b17e4945fb6bcafba5f0305785402,1,1,0.9966666666666667
4e9ef44e4337b14bcd067d0b85eafa02,1,1,0.9966666666666667
cfe53ea9433504883086fc113f19bf3d,1,1,0.9966666666666667
1917f024e8327affa0cf12e7dcff6202,1,1,0.9966666666666667
cdda94b15f78e75e2992e560c936b14e,1,1,0.9966666666666667
ee88ef2638a666037afe5bfb1b1d74a0,1,1,0.9966666666666667
71c10ded80c2c59df2b9c93bddea8d9f,1,1,0.9966666666666667
669f39a5a2d867dfa00eb2f884ec5609,1,1,0.9966666666666667
87b4182f656baf828332b1f39ec01709,1,1,0.9966666666666667
0473320e6454771f6e7635e49e91e7cf,1,1,0.9966666666666667
82d8f802eebad412019959afd98e23c9,1,1,0.9966666666666667
ba7bbcd3ea546ed895a90fe31abd6b74,1,1,0.9966666666666667
084be60fcc01de5bc5513b154af9f402,1,1,0.9966666666666667
3b716202c7190a2452286787e19c5519,1,1,0.9966666666666667
946e5689feb49fd27466b3ec82609dea,1,1,0.9966666666666667
026d7e86c8e269a63c2fbb2508bd3e14,1,1,0.9966666666666667
9ee3328562bd44c0c42c8a3f131d4349,1,1,0.9966666666666667
38d62a1667e87f306b30f6296035b812,1,1,0.9966666666666667
8279f7457b8603415adcfdc99c69fbe3,1,1,0.9966666666666667
b1e773762052b38569b1e68aaa10576e,1,1,0.9966666666666667
fa9f0b5bc500ba23008fc9d74e3788f0,1,1,0.9966666666666667
890431bde34093ab5afb2e604efef6ca,1,1,0.9966666666666667
fa9b8169107dbe1ad481721e4003684e,1,1,0.9966666666666667
83921cc35f7c986919f4a43baf729d0b,1,1,0.9966666666666667
8d905f2d46ba7372e1958b53180952c5,1,1,0.9966666666666667
b871b1f6d182ac4eadb982aaf4fb4f29,1,1,0.9966666666666667
61395e6df82e5a05eb9c011cae9c0921,1,1,0.9966666666666667
05c509cd5bbbdab1985886374259b42f,1,1,0.9966666666666667
aa808f951f120d1d05a86f495b3934ec,1,1,0.9966666666666667
2797df5a43bd1e32f9eaf7d26cf1aa49,1,1,0.9966666666666667
3ac2e1d9c8311a3280b04b6e02d3eabd,1,1,0.9966666666666667
753a0c79149d82367a1539b70cae6c37,1,1,0.9966666666666667
0f26ec5c55b16341d7f9d7ac4ce9c2d2,1,1,0.9966666666666667
77e71a55936099245f468033245f1e1c,1,1,0.9966666666666667
9958f821c9fbc023f7e3800d9c7f527f,1,1,0.9966666666666667
5a3ce456a050e5a053f6d3b71ead1b39,1,1,0.9966666666666667
77a91a650951df7dc667b9c2615fcda1,1,1,0.9966666666666667
3fbab5262fc2a28bfa258bccf2ef473a,1,1,0.9966666666666667
8073016b742f47cf4c76cc41dc410122,1,1,0.9966666666666667
187c11a5cfd44cb9d003e695472dab4d,1,1,0.9966666666666667
0f35ddecc6f235dcf07fb5a8edefc298,1,1,0.9966666666666667
d7095aad7de19ab730dda10ff3868b98,1,1,0.9966666666666667
4a54efa8404f6e3e5948f16c1e350bd6,1,1,0.9966666666666667
3c95a82ab6522e85d1759dc696b80e6a,1,1,0.9966666666666667
2b344034600d369e272a657890cc478f,1,1,0.9966666666666667
a32578095b618e3971b858efa89a5486,1,1,0.9966666666666667
1575921521ccb53a9d28e1c7d014f9e5,1,1,0.9966666666666667
93ca519d19353040b1119886668b6ca6,1,1,0.9966666666666667
1cf76425d13b105ef89ac9698de8f0e0,1,1,0.9966666666666667
65cb91b93ad5b39b874e5defd8f96952,1,1,0.9966666666666667
8d905f2d46ba7372e1958b53180952c5,1,1,0.9966666666666667
13770bbe69e6e09c7ea89fcb8a3e3491,1,1,0.9966666666666667
0473320e6454771f6e7635e49e91e7cf,1,1,0.9966666666666667
b1fc3560f41c163c8de4c1586e5746d2,1,1,0.9966666666666667
108517c62389410cf9398e0d450cd7d9,1,1,0.9966666666666667
15e0db12cbbd8a76a037626691775c4b,1,1,0.9966666666666667
085ec8ad2f3288bdef00e9ce412d7b1e,1,1,0.9966666666666667
7dbbc5d8af781ec063294bea0f7574be,1,1,0.9966666666666667
26de824defda49d8ff38daadba838d7e,1,1,0.9966666666666667
9bd7cc1ce2b4405ce9ad12e82683781f,1,1,0.9966666666666667
d2e67c084868f00e8057235f5c72e530,1,1,0.9966666666666667
2e5e875e7e3cbcabc0fe1e8f6486007a,1,1,0.9966666666666667
1338504aeea313b80cba5d300d8cf3b4,1,1,0.9966666666666667
4593d7320a5f2fa7ffaaa05c8a861919,1,1,0.9966666666666667
8cb2c1dc53df36fc85480b3258211693,1,1,0.9966666666666667
4a552ac63e988d689580557858c18ef9,1,1,0.9966666666666667
08c1734d0b18c49f1c86adf9a4be8739,1,1,0.9966666666666667
d600684f3223bffe299f7b416ebf134c,1,1,0.9966666666666667
d2e67c084868f00e8057235f5c72e530,1,1,0.9966666666666667
085aca46c6821731136b8250cfd08648,1,1,0.9966666666666667
3ac2e1d9c8311a3280b04b6e02d3eabd,1,1,0.9966666666666667
a17f13e872b4e91523e2f868db5fdce7,1,1,0.9966666666666667
cfd6fcb954f38ad4d0817a441250185a,1,1,0.9966666666666667
fc1d5f79abbc0f29f73ee98dbfee566b,1,1,0.9966666666666667
ba7bbcd3ea546ed895a90fe31abd6b74,1,1,0.9966666666666667
0473320e6454771f6e7635e49e91e7cf,1,1,0.9966666666666667
13770bbe69e6e09c7ea89fcb8a3e3491,1,1,0.9966666666666667
3a4459aa87e04f1d39d253f9cd13e197,1,1,0.9966666666666667
10f46ee2f7a50ea488c514d3478b1824,1,1,0.9966666666666667
fe683d8062ef99d594238099a21fb793,1,1,0.9966666666666667
60592e246dc36ab75bc52f9e2c01fdec,1,1,0.9966666666666667
115ade0364d1290d2023c97642ad1734,1,1,0.9966666666666667
482055779013f848184fef0f80c8c868,1,1,0.9966666666666667
c7eed56e3e87e0ce71d9a217448b6ae8,1,1,0.9966666666666667
81aa9138e6a884479b297942500d9d7c,1,1,0.9966666666666667
9a0496da0ef4a81c51856802af3cc58e,1,1,0.9966666666666667
e47eda556f20a76da48a3b4c884ee02e,1,1,0.9966666666666667
364812981110731b1e1de2abec3e9e48,1,1,0.9966666666666667
beda9321247f3bf9f213cd0c972f3bb9,1,1,0.9966666666666667
98c1a07db4931b4840577527b14966df,1,1,0.9966666666666667
2c662f2fe54ab3758a726c12bfe780a3,1,1,0.9966666666666667
e47eda556f20a76da48a3b4c884ee02e,1,1,0.9966666666666667
26a68426874a3e84c788fecbf9114e30,1,1,0.9966666666666667
6067d21b53f33203396f96919f42def0,1,1,0.9966666666666667
cefef1e70d45618c97f33bbd0d0649ab,1,1,0.9966666666666667
3334d1b71c03ca9f94e9f59bb1fdd74e,1,1,0.9966666666666667
3f51055a9cd53747eff132db40350375,1,1,0.9966666666666667
3ce57849df47c4b589684103924e5d19,1,1,0.9966666666666667
b246e9882159161f18e310d1e106b729,1,1,0.9966666666666667
38f62c2f7820916f28c546c49bf14273,1,1,0.9966666666666667
5a05015f3f24fb760f402cf0b174efd3,1,1,0.9966666666666667
d56646f4aef904f58d931f78a20a8892,1,1,0.9966666666666667
c21213dadc199040c1706baccae49cb8,1,1,0.9966666666666667
419a41537346b02f27486eda330487ac,1,1,0.9966666666666667
9569006b45973a8ca5b9deee58d262ba,1,1,0.9966666666666667
4906768af2883ae2f9892c78f84874f0,1,1,0.9966666666666667
5123c1898e0bb622852f8c4f8f38df4c,1,1,0.9966666666666667
8c9f6d30949240da9b68e90eed027bba,1,1,0.9966666666666667
bc3e8d54405e5f12d39dcbb84c21f8a4,1,1,0.9966666666666667
e0146123a8b3279abaa52b22c4735231,1,1,0.9966666666666667
505773ff545592706a5285ef6697ce80,1,1,0.9966666666666667
5e23aebe90eb403ebda6bc61e220cd61,1,1,0.9966666666666667
5b73a6bbf809393aa3e76c943f97383e,1,1,0.9966666666666667
ba152a8eb68c445b242ea9a78d6e6515,1,1,0.9966666666666667
efe322039e59d2f1d0fe9c10969c2199,1,1,0.9966666666666667
4ba59a490f08c59db359b850ffe6df4d,1,1,0.9966666666666667
b18b5be050f94c50c05400cb30ea39ee,1,1,0.9966666666666667
23d6295a664b75758135562b03e6a583,1,1,0.9966666666666667
3f0f6cd09eea2463fb00f3a0107d484a,1,1,0.9966666666666667
3730122b9b4cf6dc27a5e6aa1d710a6a,1,1,0.9966666666666667
0b3d95ca425ff5b3aaa247d33de900bb,1,1,0.9966666666666667
99c66d15316645b26c8e29b3b1d886c3,1,1,0.9966666666666667
3e34b4ceb0b57593f20f1c41f02abc3a,1,1,0.9966666666666667
dd8efe4b1673744f7fac940a617044c4,1,1,0.9966666666666667
3f5b564c4420a5157f5a385c0112dc14,1,1,0.9966666666666667
93a8d3a28204f980249ca9275a8ffa49,1,1,0.9966666666666667
fa9b8169107dbe1ad481721e4003684e,1,1,0.9966666666666667
76f82925b451aca6a1fa322aac6269e7,1,1,0.9966666666666667
b39928a232a39a5b261164d02fc901b6,1,1,0.9966666666666667
6e5583f17be17cbcabde370fca27bd48,1,1,0.9966666666666667
5b73a6bbf809393aa3e76c943f97383e,1,1,0.9966666666666667
562f558f3437590644343977fe9e523c,1,1,0.9966666666666667
bc3e8d54405e5f12d39dcbb84c21f8a4,1,1,0.9966666666666667
0fbc33b04d92b5cd1049eb3f2d4cfaf9,1,1,0.9966666666666667
3d7e9132d30f5e86737a7563d48281f2,1,1,0.9966666666666667
71c10ded80c2c59df2b9c93bddea8d9f,1,1,0.9966666666666667
b40af3c647efc418e6af802aa1d2cf24,1,1,0.9966666666666667
794c70a036e20671cd5a5ff60904ce82,1,1,0.9966666666666667
f9570e608897a623e43288fecaad8874,1,1,0.9966666666666667
364d7d274ad745b8633ba175e91406e8,1,1,0.9966666666666667
c4fb22ad980f78652748e20a60bdb67f,1,1,0.9966666666666667
e1fec2afb9b1f034adb5555ab1c31bc5,1,1,0.9966666666666667
b1fc3560f41c163c8de4c1586e5746d2,1,1,0.9966666666666667
bba083a83c8b5525161cb3bd5ac6a990,1,1,0.9966666666666667
f4d78b92e5cdf54b99188be2c134ef98,1,1,0.9966666666666667
d07d473503c6bef7cf1922fab1f88f3e,1,1,0.9966666666666667
fde96e863acc927ca51d165c3e3bf987,1,1,0.9966666666666667
2305de069028e391139c3cf799b38b13,1,1,0.9966666666666667
eb005baed443eef421f0278a747c87dd,1,1,0.9966666666666667
8ca38f2f7cbfa2892d41c36b1838d597,1,1,0.9966666666666667
adbc16aa0aaa33b062eb49639bffbb27,1,1,0.9966666666666667
66a5b500b042b0d742e0fd351f8d905c,1,1,0.9966666666666667
1a1e38992a254f432a98871745c91dcd,1,1,0.9966666666666667
f8c4836acdc47640dc637cc72c7c2b14,1,1,0.9966666666666667
6f6b8fc4afbbd6c2f9394661be5d09ac,1,1,0.9966666666666667
7848dd4774b76ab3643f00cd2ba48d31,1,1,0.9966666666666667
5f37dc339ab4fc7bccb553113514200c,1,1,0.9966666666666667
09585e078762063df0b19dc9579f19cb,1,1,0.9966666666666667
0265633f933366679cb71e59b24608e3,1,1,0.9966666666666667
6266dc7108683db5ee70baebed7a9bdf,1,1,0.9966666666666667
c21213dadc199040c1706baccae49cb8,1,1,0.9966666666666667
28312313598b746012bd1d2dccf1e8ea,1,1,0.9966666666666667
5c62a37e24fa09f91c61a80169fecafb,1,1,0.9966666666666667
115ade0364d1290d2023c97642ad1734,1,1,0.9966666666666667
f24902e517956f2930a8d863cfc07d01,1,1,0.9966666666666667
93ca519d19353040b1119886668b6ca6,1,1,0.9966666666666667
2d241b7267d18a3b9aee58414851456b,1,1,0.9966666666666667
38469b842f1f7a36d3ae7d924b31e0ae,1,1,0.9966666666666667
364d7d274ad745b8633ba175e91406e8,1,1,0.9966666666666667
4a0bbb57909a0c0eb0ee3dd84f93ea3f,1,1,0.9966666666666667
3dce4c477cdb9f2cb51373c6bcba4b4e,1,1,0.9966666666666667
7eb0049eee8aca50acee0d584dc6cfa7,1,1,0.9966666666666667
04ba41678efb2add33afff9de4485129,1,1,0.9966666666666667
f8682fe980b5bebb2ddcfb7c1a3bf10a,1,1,0.9966666666666667
5e8cdb45fcc75841d5e0c1be072ac2a6,1,1,0.9966666666666667
424a6bf3306928c6306c6e52e5e3823f,1,1,0.9966666666666667
ec028367e24fd6828aa9b2b18ffdd510,1,1,0.9966666666666667
77ebcb9d33152ed6f28e5b54c5057b23,1,1,0.9966666666666667
df7e1e5c6803ac5ab5610f72fa52cf3b,1,1,0.9966666666666667
547886dab065e36d533e4fd790c4e7b7,1,1,0.9966666666666667
cf8b77b2c91626b5aab8cd386c2e1a6e,1,1,0.9966666666666667
a8e3049bda65bc0cecb0fe798e0adaef,1,1,0.9966666666666667
084be60fcc01de5bc5513b154af9f402,1,1,0.9966666666666667
a90bd212eabf4e57acc52e5c5f8ed361,1,1,0.9966666666666667
e4ede24770191fa99cd94e6ea4364ada,1,1,0.9966666666666667
7f888351be60c6f203c31b6ec36ceb55,1,1,0.9966666666666667
3d7e9132d30f5e86737a7563d48281f2,1,1,0.9966666666666667
23debd66ac94c696bdbecc40930a518e,1,1,0.9966666666666667
dd8efe4b1673744f7fac940a617044c4,1,1,0.9966666666666667
787cb59e7e19fd4c0b749f66a6cbc447,1,1,0.9966666666666667
d2ac1b85c357d51c6b7a7d5b35d842cc,1,1,0.9966666666666667
562f558f3437590644343977fe9e523c,1,1,0.9966666666666667
aa808f951f120d1d05a86f495b3934ec,1,1,0.9966666666666667
482055779013f848184fef0f80c8c868,1,1,0.9966666666666667
9d36b9c37c945205ce28e491d5ba4cc6,1,1,0.9966666666666667
16e466a3e7dbdf5c967f9d1e9fbfc6ab,1,1,0.9966666666666667
7665cb89dbbdb498a4763d0f5f2c48a3,1,1,0.9966666666666667
ed3ad306eb5426cad085976a62668d22,1,1,0.9966666666666667
0c0c286e24daf56856aff5d382c7167a,1,1,0.9966666666666667
2a018d187aaf3c584d3782ff71c55282,1,1,0.9966666666666667
a747f1873311605008100077d0b5d63e,1,1,0.9966666666666667
febd770d6cb367bc93f0183b0e9d397d,1,1,0.9966666666666667
8c662d57a3447e8015e8261befc2d3c0,1,1,0.9966666666666667
16424f3adf4de03120e9102a897a21ff,1,1,0.9966666666666667
cebc9aeb3a43829debc1fc1b9d818278,1,1,0.9966666666666667
2c662f2fe54ab3758a726c12bfe780a3,1,1,0.9966666666666667
0dd1c8076650806fbe3ef3196359e8fe,1,1,0.9966666666666667
9ef85411394b3b76a473db8c5cee8780,1,1,0.9966666666666667
83c01b293dcb80749ac216664d072236,1,1,0.9966666666666667
dce64aae2403a6f7497df6dd32cc7121,1,1,0.9966666666666667
0c0c286e24daf56856aff5d382c7167a,1,1,0.9966666666666667
b28e525de5e0060830978f9a6c9574cd,1,1,0.9966666666666667
1bea78c911866ce2d784e1ff16d7b320,1,1,0.9966666666666667
23d6295a664b75758135562b03e6a583,1,1,0.9966666666666667
1338504aeea313b80cba5d300d8cf3b4,1,1,0.9966666666666667
3d109fddcf4b6f2cbe2fb04f42b3225d,1,1,0.9966666666666667
142819ccd2370dc6cf371ea91ad0afc0,1,1,0.9966666666666667
ca615506ea6a0cc018c45ecaa99f7b38,1,1,0.9966666666666667
44e0b8d60cac11ae2e78da9469638289,1,1,0.9966666666666667
09bce9947d00f854b9f21232a79e7377,1,1,0.9966666666666667
622c0f6ee7e3320a31abacd7c0817b18,1,1,0.9966666666666667
80dca8b024e31c7a6d6a850d57e5788b,1,1,0.9966666666666667
cbf920f080202ac9f92ec8297bc022db,1,1,0.9966666666666667
036f1ed168a5e802c7d81ce1b2f463d5,1,1,0.9966666666666667
5e13894de67bf84cf7e39c20a51f014f,1,1,0.9966666666666667
9bd7cc1ce2b4405ce9ad12e82683781f,1,1,0.9966666666666667
e4efadcd1d5a7f7da2652ed8d023366b,1,1,0.9966666666666667
10e6828ddd62cbcf687cb74928c4c2d2,1,1,0.9966666666666667
26a68426874a3e84c788fecbf9114e30,1,1,0.9966666666666667
26de824defda49d8ff38daadba838d7e,1,1,0.9966666666666667
16e56a3aa41950979dede5650f6915fe,1,1,0.9966666666666667
b35f01e52b0d2877ef50acb666a592c7,1,1,0.9966666666666667
2c2ff2f66da9433f98673c23526e8b3d,1,1,0.9966666666666667
66a533210123d42b3a94cb7dcb1e3808,1,1,0.9966666666666667
5e13894de67bf84cf7e39c20a51f014f,1,1,0.9966666666666667
62e2a25abfc3a447996984ab9c3452b2,1,1,0.9966666666666667
d7db0b6f006650a3442d2c8c51137938,1,1,0.9966666666666667
beda9321247f3bf9f213cd0c972f3bb9,1,1,0.9966666666666667
c16564642c506fea8600d74a4b8fac3d,1,1,0.9966666666666667
4a0bbb57909a0c0eb0ee3dd84f93ea3f,1,1,0.9966666666666667
2754b35890b9076bae68672aed7133c6,1,1,0.9966666666666667
ff4bcf45e204cd64f43f96dc4dd20225,1,1,0.9966666666666667
ba7bbcd3ea546ed895a90fe31abd6b74,1,1,0.9966666666666667
d2d4a6a0f86ea2362f6aa18e94796716,1,1,0.9966666666666667
9fec057c00841f8f8d4cf7ca16bfdc2d,1,1,0.9966666666666667
939c4e97e01615bf29910d878c344898,1,1,0.9966666666666667
a2933fc8c7842d679aee378c05763fb8,1,1,0.9966666666666667
cefef1e70d45618c97f33bbd0d0649ab,1,1,0.9966666666666667
88b4d510a8574e2d977120793b3e8ca4,1,1,0.9966666666666667
592ec7c2977476a6f3cea59f5d93a9ab,1,1,0.9966666666666667
8d3a847b95a95945621895d1b1bcdd86,1,1,0.9966666666666667
8892a4c47722d5c2fd0ec60f5ccbbce9,1,1,0.9966666666666667
2558eceb697bc072331a3b2aadfbadcf,1,1,0.9966666666666667
2305de069028e391139c3cf799b38b13,1,1,0.9966666666666667
5770d7dfa8b7e9951c0d100a53477f3d,1,1,0.9966666666666667
13770bbe69e6e09c7ea89fcb8a3e3491,1,1,0.9966666666666667
90dbaf5d68a0ef707ba48cc71cb27bd1,1,1,0.9966666666666667
085aca46c6821731136b8250cfd08648,1,1,0.9966666666666667
09585e078762063df0b19dc9579f19cb,1,1,0.9966666666666667
3e0cd8e60de14d9891cfba40821cceee,1,1,0.9966666666666667
085aca46c6821731136b8250cfd08648,1,1,0.9966666666666667
d7095aad7de19ab730dda10ff3868b98,1,1,0.9966666666666667
137a685dcfba3bf8f693a287cd4c3954,1,1,0.9966666666666667
34ac6e349a9a3c7a3ee1058d8a2320b2,1,1,0.9966666666666667
8279f7457b8603415adcfdc99c69fbe3,1,1,0.9966666666666667
4caf7189180203adbd46e550382f83e9,1,1,0.9966666666666667
03818d5976cf94468b78e3f9ca90873c,1,1,0.9966666666666667
0f14a29e1d966d525db63cada2677850,1,1,0.9966666666666667
64395d5ac2e949a2d8972bd2ba4b8f59,1,1,0.9966666666666667
c577a47c742db82a040415c771c0c2a7,1,1,0.9966666666666667
85034d330d2c6b0562f41e5eb4163473,1,1,0.9966666666666667
f735940ca90e6ba0f3fdd2773a6e0ec7,1,1,0.9966666666666667
1bcfbbb7b77f72d66ef122504cd61c9a,1,1,0.9966666666666667
ccd5d1cd3a2b6080bf9886f68235de7a,1,1,0.9966666666666667
a5ab521b13e84b429c18de7801efb872,1,1,0.9966666666666667
a32578095b618e3971b858efa89a5486,1,1,0.9966666666666667
961b3cb6888550c4c821def60aa5c32f,1,1,0.9966666666666667
3369c7136b978ec44c4433277110574c,1,1,0.9966666666666667
5e13894de67bf84cf7e39c20a51f014f,1,1,0.9966666666666667
c18b6305122e4976739b8420d5b54ec5,1,1,0.9966666666666667
0a20a78fbcaa0a562612cfce25f08708,1,1,0.9966666666666667
b08ba7f16bc5916059a55bded9208097,1,1,0.9966666666666667
70928f7ba4a45d94bc2add22d3a96806,1,1,0.9966666666666667
c7255a9325c98602fb19411f4adc6935,1,1,0.9966666666666667
16e56a3aa41950979dede5650f6915fe,1,1,0.9966666666666667
085ec8ad2f3288bdef00e9ce412d7b1e,1,1,0.9966666666666667
0658845de450c5cc1284fe85eb432010,1,1,0.9966666666666667
206c000664023b7db634ad29cbe4b601,1,1,0.9966666666666667
e483f177c8f9d12d4b5dcd82110fab8b,1,1,0.9966666666666667
2e5e875e7e3cbcabc0fe1e8f6486007a,1,1,0.9966666666666667
a50f3320c86976b9c66c62ff1e95688c,1,1,0.9966666666666667
febd770d6cb367bc93f0183b0e9d397d,1,1,0.9966666666666667
49365c66068162cfa8ea444ead263eeb,1,1,0.9966666666666667
5cf7e64ffa16fe299554009d9f7ca327,1,1,0.9966666666666667
0fbed32cab77acb3bd7dce5d169fdc5f,1,1,0.9966666666666667
7f888351be60c6f203c31b6ec36ceb55,1,1,0.9966666666666667
17804f8577f09c69f0a9687f5f35753d,1,1,0.9966666666666667
d3603ac2e8c8f2ef2d109573ab9e4583,1,1,0.9966666666666667
5d08d5181b7d929231fe59020e52d7dc,1,1,0.9966666666666667
deaa6599c8805195de3463b93fd4740c,1,1,0.9966666666666667
938319788687c52e677d7cc5379b40aa,1,1,0.9966666666666667
9ed8b207ac207953a0508ca755dec623,1,1,0.9966666666666667
8df55a7c337dd82b2efd73ee2f160c56,1,1,0.9966666666666667
9c29eb92748fa1d1c1e28584c6782928,1,1,0.9966666666666667
400d4c70ae1305b799f9ceaffbb32fc1,1,1,0.9966666666666667
4f30db1634ac9dc2087423938562c82a,1,1,0.9966666666666667
7e655bdceae749cd7620f3a6b38128c4,1,1,0.9966666666666667
16e56a3aa41950979dede5650f6915fe,1,1,0.9966666666666667
207d0b1a0fe18c941aeffbdbfd2e61ce,1,1,0.9966666666666667
52d65a4330270c13ba1f0a0a2016281e,1,1,0.9966666666666667
036f1ed168a5e802c7d81ce1b2f463d5,1,1,0.9966666666666667
4042ca74ce1d66b22fdf473911550d23,1,1,0.9966666666666667
98f33082dac5aa76ed32584923c2312b,1,1,0.9966666666666667
170de9844745d438663648255c8e3657,1,1,0.9966666666666667
3f882506a7666c4eee4d529b25a2b526,1,1,0.9966666666666667
fb7dcb0f4e0dc4ee54874eab2607c4da,1,1,0.9966666666666667
b96aa3a8655203318c6b853dbdb0ceb7,1,1,0.9966666666666667
336c3b8de4aaa7f3e7a20c79a6aaf1ed,1,1,0.9966666666666667
939ea324ced31512efcacf5feeee4393,1,1,0.9966666666666667
09bce9947d00f854b9f21232a79e7377,1,1,0.9966666666666667
5ec082b0ad9ce4bd1da77c7338fbd203,1,1,0.9966666666666667
8073016b742f47cf4c76cc41dc410122,1,1,0.9966666666666667
62bce5efaf4e21e7e8741037c9e366a3,1,1,0.9966666666666667
c6dde2a3b309415599c6357e167b6831,1,1,0.9966666666666667
3f882506a7666c4eee4d529b25a2b526,1,1,0.9966666666666667
3457766d3b491f557965c0f91a1fc898,1,1,0.9966666666666667
53a53c7b5a3910a8d31abe59743fac3b,1,1,0.9966666666666667
63e56424e96350d9671a98cf1608a8bf,1,1,0.9966666666666667
9fe197bb99e85553722b115e0a5d0483,1,1,0.9966666666666667
56f6f134169373aec1eb37a3618b9baf,1,1,0.9966666666666667
d639991644285b856d0a2c8b846a6858,1,1,0.9966666666666667
adbc16aa0aaa33b062eb49639bffbb27,1,1,0.9966666666666667
3fd62ad08c19851259038a720e1a9757,1,1,0.9966666666666667
03c029199336b36c40c4c213bd53397d,1,1,0.9966666666666667
9bd7cc1ce2b4405ce9ad12e82683781f,1,1,0.9966666666666667
136e9e147c61f534244aa0d78519fa49,1,1,0.9966666666666667
757f325721b31ef8e7e3b52b77b93c9e,1,1,0.9966666666666667
5dfdefad408f15b844ac1c623f025f2e,1,1,0.9966666666666667
7c5619161c782c71460360a428497398,1,1,0.9966666666666667
782d072e7b10d8447b4f8b2dd23cab7c,1,1,0.9966666666666667
c9ea15c6c23f120aa976adbc8a857064,1,1,0.9966666666666667
ebd12a71c42bc8b6183ea6fc7f538f12,1,1,0.9966666666666667
c7eed56e3e87e0ce71d9a217448b6ae8,1,1,0.9966666666666667
846c1ecf5fd0d8db433c14b87fa8d460,1,1,0.9966666666666667
946e5689feb49fd27466b3ec82609dea,1,1,0.9966666666666667
b380ff7161e1f42c4a59d7fd7de75e29,1,1,0.9966666666666667
d57f8d9a4b9f9179cf1880ff036aa9a1,1,1,0.9966666666666667
a63978b733f8d999bf341315a5fd9fd5,1,1,0.9966666666666667
df7e1e5c6803ac5ab5610f72fa52cf3b,1,1,0.9966666666666667
5f37dc339ab4fc7bccb553113514200c,1,1,0.9966666666666667
04ba41678efb2add33afff9de4485129,1,1,0.9966666666666667
7f0964a7a151a44d3e42036e7dc08e55,1,1,0.9966666666666667
c7eed56e3e87e0ce71d9a217448b6ae8,1,1,0.9966666666666667
794c70a036e20671cd5a5ff60904ce82,1,1,0.9966666666666667
036f1ed168a5e802c7d81ce1b2f463d5,1,1,0.9966666666666667
fa7cc947a4e0abbc1f6cc7a2260ca907,1,1,0.9966666666666667
1d4a665170914d996d3fb78069495516,1,1,0.9966666666666667
c209663e7aeb35dec27e88a14ed21dbe,1,1,0.9966666666666667
24b068604793bb80d5391d74e6389b19,1,1,0.9966666666666667
71c10ded80c2c59df2b9c93bddea8d9f,1,1,0.9966666666666667
7c5619161c782c71460360a428497398,1,1,0.9966666666666667
b6dc6ad679fd7356b6f9204d6703de70,1,1,0.9966666666666667
60bdfb5dce845441972098b75cb9984f,1,1,0.9966666666666667
e49f36bbfd176a5c0d6f4c7bbf5ee3cc,1,1,0.9966666666666667
e9c1d5256dce38e1e2d491b987bbea1a,1,1,0.9966666666666667
9d010a71c976a60095791dc53ab4ff08,1,1,0.9933333333333333
9ee3328562bd44c0c42c8a3f131d4349,1,1,0.9933333333333333
d1c97feca929c99ba05e0bf6307b4aa9,1,1,0.9933333333333333
9d010a71c976a60095791dc53ab4ff08,1,1,0.9933333333333333
82d8f802eebad412019959afd98e23c9,1,1,0.9933333333333333
ca4cba5cabb8d947fa5adbd615c73857,1,1,0.9933333333333333
9fb1cf2cc1eda85e4853ee9a4126db94,1,1,0.9933333333333333
82d8e6c356fa8123b93b185b706b870b,1,1,0.9933333333333333
17d489832aec5715445c12c166cbb76c,1,1,0.9933333333333333
4b983f74728b1a7efc04fa33fd73c578,1,1,0.9933333333333333
05ff1a157e93cf0caf53b92ef0f1054d,1,1,0.9933333333333333
20b0e859d6badf5ceabadca050542149,1,1,0.9933333333333333
16e56a3aa41950979dede5650f6915fe,1,1,0.9933333333333333
e46aaf7a28a0a225c44b9285fdae3c07,1,1,0.9933333333333333
b19e227a1f66d1a6eda99221d5ce5c9e,1,1,0.9933333333333333
fa64c30044ce822f04a27145eb5fa63b,1,1,0.9933333333333333
84a022771211e28b7049bd4bb3a9b731,1,1,0.9933333333333333
03b3add03d1fcd25ed9f9a7b0b81fbbb,1,1,0.9933333333333333
f1ba7ff8106593a27d8450c93961580d,1,1,0.9933333333333333
3ca83d75906d1436bc92bf48ad8f16b8,1,1,0.9933333333333333
389bbbe70248fbeecdf9bb1bd0d1da04,1,1,0.9933333333333333
d5ff3202e8e3bf0a4a0e088313341fef,1,1,0.9933333333333333
51be3bdc7a225c1af456c9c1da4f3f6b,1,1,0.9933333333333333
9abc34ceb3bf616600f1f3ed012c85db,1,1,0.9933333333333333
df336526b60c4e825690c1ebb3694e2b,1,1,0.9933333333333333
7c45cf9a350ba502e3718fe7e2bf55c5,1,1,0.9933333333333333
343a9a7484db9db29bd4f2fae44ac511,1,1,0.9933333333333333
2b78ad209ff9652638ea8c319e225657,1,1,0.9933333333333333
559a351a2b69e35ca63c66e753eda8c7,1,1,0.9933333333333333
1b5125add0151708a81564406b36937b,1,1,0.9933333333333333
acc2472a72aaf758bb2d3831b4efb94e,1,1,0.9933333333333333
687f5d82ef218993f29c850339e1c6af,1,1,0.9933333333333333
4f30db1634ac9dc2087423938562c82a,1,1,0.9933333333333333
7fdd60e7f2fcf8aff51d8cb9e46e25a4,1,1,0.9933333333333333
2b344034600d369e272a657890cc478f,1,1,0.9933333333333333
37a0d112aa8d4f40b938a5b681605a97,1,1,0.9933333333333333
e8574f98214ef6d8a7162a1337662d99,1,1,0.9933333333333333
b78db6c875e6e933e6031a788a53059f,1,1,0.9933333333333333
4095b6e665d5228a707f65a9b83f2a29,1,1,0.9933333333333333
8b0043e42290a695e99fcfe09e9ef303,1,1,0.9933333333333333
c5d8d1c84e49ff8720405381040fc5dd,1,1,0.9933333333333333
4be292f6faa5cb98266310d8b66ba7db,1,1,0.9933333333333333
552d39a365458452541e95701788745c,1,1,0.9933333333333333
a53cfe6f2c808a0328e0d202a128bd9c,1,1,0.9933333333333333
0c0c286e24daf56856aff5d382c7167a,1,1,0.9933333333333333
101cf90f601997ff1a39391c9f73ea1d,1,1,0.9933333333333333
b18b03e6e03a3170af71204015a45e78,1,1,0.9933333333333333
4a54efa8404f6e3e5948f16c1e350bd6,1,1,0.9933333333333333
77f27ddf789130228572aad31abdf3f8,1,1,0.9933333333333333
76b774ebff81a595e0293b59efe0fbfb,1,1,0.9933333333333333
53a992b862e423722863499c46727a65,1,1,0.9933333333333333
8c627c3e99ce40aca0cdca76a6f963bf,1,1,0.9933333333333333
bcbb5617561ccdc488a2a180450cfa26,1,1,0.9933333333333333
c9563809a965bcea59d343e3dd98d44c,1,1,0.9933333333333333
a6e97778ae2b796c2c2ddb339f21088a,1,1,0.9933333333333333
37cda5cfb0a72966905a256113518d6a,1,1,0.9933333333333333
b5e214e0bbaa203991143fe6bc9776c2,1,1,0.9933333333333333
5a3ce456a050e5a053f6d3b71ead1b39,1,1,0.9933333333333333
206c000664023b7db634ad29cbe4b601,1,1,0.9933333333333333
fa4a16127b39bf8d6f699b339d0c563b,1,1,0.9933333333333333
2b0f17a2151d914ce7180cc56ef62ff5,1,1,0.9933333333333333
e74dd364ef942d16a56ac89784960465,1,1,0.9933333333333333
91c4b6444d7270562a3edfd5da35c9b1,1,1,0.9933333333333333
65f9195bb052c61c5469a8e916d8b7de,1,1,0.9933333333333333
9087e849d94f7baec57291470d0822a3,1,1,0.9933333333333333
0604d11c857f800718f48caa700756b0,1,1,0.9933333333333333
2a05dc0d3757a35b71b60cb7ccb3ee7a,1,1,0.9933333333333333
668f7434bec59098207e3032e6202e68,1,1,0.9933333333333333
2989ccb5840f6df6778c5af91165e9aa,1,1,0.9933333333333333
016db61ecbf467db158fcf65bff2b706,1,1,0.9933333333333333
5c62a37e24fa09f91c61a80169fecafb,1,1,0.9933333333333333
1c8c93e4ea782d4ecbbcaf478f3644e2,1,1,0.9933333333333333
03c029199336b36c40c4c213bd53397d,1,1,0.9933333333333333
30c7b57fa4796e5f764202cf65529469,1,1,0.9933333333333333
41e52907c75e443716fb8e854fe6b6f4,1,1,0.9933333333333333
b78db6c875e6e933e6031a788a53059f,1,1,0.9933333333333333
aa8cd53acfef02f73bb7b6d87ab1fe03,1,1,0.9933333333333333
cdd15339664652b61da808ee54509680,1,1,0.9933333333333333
389bbbe70248fbeecdf9bb1bd0d1da04,1,1,0.9933333333333333
c9c069708535084ed251ff72ebb1b197,1,1,0.9933333333333333
592ec7c2977476a6f3cea59f5d93a9ab,1,1,0.9933333333333333
1c15c509b1e9a1a9a63121c26f2cdf6a,1,1,0.9933333333333333
9a57fa2ed649690ca712b2d9f2876c43,1,1,0.9933333333333333
5a05015f3f24fb760f402cf0b174efd3,1,1,0.9933333333333333
0a51f02cc52ac31487a20a2b0f6bfb43,1,1,0.9933333333333333
343a9a7484db9db29bd4f2fae44ac511,1,1,0.9933333333333333
4ca835203b8dbf372b641618e5930c86,1,1,0.9933333333333333
687f5d82ef218993f29c850339e1c6af,1,1,0.9933333333333333
a8a132a6e0ce9d7e21f0f7870ab98dfb,1,1,0.9933333333333333
0604d11c857f800718f48caa700756b0,1,1,0.9933333333333333
7665cb89dbbdb498a4763d0f5f2c48a3,1,1,0.9933333333333333
76a126c22f9138f48e8f0b0d0c7b641e,1,1,0.9933333333333333
f8c8d51ddda2fc95e32ee283a0d3c0d5,1,1,0.9933333333333333
62af0589c80dc24cf79a4058cbbac1d8,1,1,0.9933333333333333
76a126c22f9138f48e8f0b0d0c7b641e,1,1,0.9933333333333333
4c61ba19603e513486f1a5353cb59ebb,1,1,0.9933333333333333
8a948d3a4da17a1cd6b5591da4b38131,1,1,0.9933333333333333
af2666c8d022647cf67e7aa565b4c682,1,1,0.9933333333333333
ff00969914cf615574be799c7a547ba8,1,1,0.9933333333333333
cebc9aeb3a43829debc1fc1b9d818278,1,1,0.9933333333333333
101cf90f601997ff1a39391c9f73ea1d,1,1,0.9933333333333333
15e0db12cbbd8a76a037626691775c4b,1,1,0.9933333333333333
350b34a9e6634ce6355f9eef12079355,1,1,0.9933333333333333
d022809223c1de80f1f470d2ead6ce53,1,1,0.9933333333333333
08c1734d0b18c49f1c86adf9a4be8739,1,1,0.9933333333333333
c91429ebb43af797b22a4c9b671c83b1,1,1,0.9933333333333333
1c96f6d7c5b54bb67b5b88ffdb260ab8,1,1,0.9933333333333333
48021e14968958ffa8f6cb81686fdec4,1,1,0.9933333333333333
6cbf15f20acd548d10b9eedce34414ab,1,1,0.9933333333333333
82d8e6c356fa8123b93b185b706b870b,1,1,0.9933333333333333
93dc44509f80dff390f2cc3ed75a88a7,1,1,0.9933333333333333
2896b84b66a3342e3f9c6a5b51c4e005,1,1,0.9933333333333333
0b5ee341f37728d3ceb90e99fa9f3b8b,1,1,0.9933333333333333
a5269bcab8d383e4fe484889abf43dfd,1,1,0.9933333333333333
53a992b862e423722863499c46727a65,1,1,0.9933333333333333
fde96e863acc927ca51d165c3e3bf987,1,1,0.9933333333333333
8b9d293b44b9ae8adc876fbb4bb2864a,1,1,0.9933333333333333
eb5163da4e79d2026ad498a7f210c3d6,1,1,0.9933333333333333
080787fae10405ec2d8c79d6f5b5292c,1,1,0.9933333333333333
fde96e863acc927ca51d165c3e3bf987,1,1,0.9933333333333333
0455db7a0319ca0f57a01f61d46b759a,1,1,0.9933333333333333
0ae264698cff77e0b05ee0318046c96e,1,1,0.9933333333333333
77a91a650951df7dc667b9c2615fcda1,1,1,0.9933333333333333
08c1734d0b18c49f1c86adf9a4be8739,1,1,0.9933333333333333
9b7350eef36b596ca8244cce2d721256,1,1,0.9933333333333333
3ac5d34c8a92efa7cb3b2709731fc7d7,1,1,0.9933333333333333
668f7434bec59098207e3032e6202e68,1,1,0.9933333333333333
2754b35890b9076bae68672aed7133c6,1,1,0.9933333333333333
d9c59cb3970e90e6a09bc5b6297d8001,1,1,0.9933333333333333
2610e546b6d546f724cb0397dca1a14e,1,1,0.9933333333333333
3951742ef5a7c5e486bae8e46c2f1df7,1,1,0.9933333333333333
255a0c25457195ddaa52c7cb4091faff,1,1,0.9933333333333333
d8a90bff8ae32c141b8e73e30ac730df,1,1,0.9933333333333333
690e9a15295bcdca8daf15c8203d9333,1,1,0.9933333333333333
5eecbd50b88a48cb6ada1939df6d8797,1,1,0.9933333333333333
555fb4d151954924472ec4d5e49bdd1f,1,1,0.9933333333333333
084be60fcc01de5bc5513b154af9f402,1,1,0.9933333333333333
595ca408e481a4a3ff53c63ed6cd8cd6,1,1,0.9933333333333333
d09862e29e7f6cf63ea7039171b27132,1,1,0.9933333333333333
7ff68cfec6cdadd370b9fb5bbbea27d0,1,1,0.9933333333333333
95592d0d8915156282e3cc5363d4a377,1,1,0.9933333333333333
938319788687c52e677d7cc5379b40aa,1,1,0.9933333333333333
3954d20eaa64f2e1260677db7b251aef,1,1,0.9933333333333333
217679f4b492a47243e013d42f1f4ddc,1,1,0.9933333333333333
26b1ea854f4ac8aa891cd0f1794f47ee,1,1,0.9933333333333333
bd90292fee2e0feaffcf48cfd508a29a,1,1,0.9933333333333333
4ca835203b8dbf372b641618e5930c86,1,1,0.9933333333333333
cc040ae655d9bd922e939a79c1889dc4,1,1,0.9933333333333333
ed4dec663fc8ff097f1b28a7631ae934,1,1,0.9933333333333333
bda3fd6fe8abae1e19bd8385f58886e8,1,1,0.9933333333333333
c2c6f4f465a1f9afb51d75208e9927dd,1,1,0.9933333333333333
946b1ca5f573dd65063478624d2e95e3,1,1,0.9933333333333333
f1ba7ff8106593a27d8450c93961580d,1,1,0.9933333333333333
3d190e30a35ec6966309955667f190a0,1,1,0.9933333333333333
5fba06eda324b14d47cc3041fbc8f6fe,1,1,0.9933333333333333
559a351a2b69e35ca63c66e753eda8c7,1,1,0.9933333333333333
ed4dec663fc8ff097f1b28a7631ae934,1,1,0.9933333333333333
f735940ca90e6ba0f3fdd2773a6e0ec7,1,1,0.9933333333333333
acc2472a72aaf758bb2d3831b4efb94e,1,1,0.9933333333333333
ae8ad32b8d463321ae948cf3dcbad485,1,1,0.9933333333333333
40567def6eb2a996cfb1f83cd66c7f20,1,1,0.9933333333333333
3ca83d75906d1436bc92bf48ad8f16b8,1,1,0.9933333333333333
644f90f67d0a88c415da61b4958da8b8,1,1,0.9933333333333333
717a7c8501508411cabdf1af90398b05,1,1,0.9933333333333333
d2b668f70a0669747f1037ba9f684c70,1,1,0.9933333333333333
44e0b8d60cac11ae2e78da9469638289,1,1,0.9933333333333333
acc2472a72aaf758bb2d3831b4efb94e,1,1,0.9933333333333333
a22ef10dd7dc76ce21bdd65dfc49f122,1,1,0.9933333333333333
170de9844745d438663648255c8e3657,1,1,0.9933333333333333
1a8b86de83dd0b1fb1c13b4539c5040c,1,1,0.9933333333333333
0f422cf5911e5d08e168cdfea3c41267,1,1,0.9933333333333333
d70d97dd7fa745a26bcd6ede30faf3b4,1,1,0.9933333333333333
080787fae10405ec2d8c79d6f5b5292c,1,1,0.9933333333333333
f809af89009e8716a3b73b50ad0c0a61,1,1,0.9933333333333333
d5ff3202e8e3bf0a4a0e088313341fef,1,1,0.9933333333333333
757f325721b31ef8e7e3b52b77b93c9e,1,1,0.9933333333333333
55a6bb3b17ca7e8af437191915ef7def,1,1,0.9933333333333333
6c46c079119b1fd5ce5bd3d14834f1d8,1,1,0.9933333333333333
97ed2e978ef83da19474f76e82ae732f,1,1,0.9933333333333333
4a0bbb57909a0c0eb0ee3dd84f93ea3f,1,1,0.9933333333333333
c8133010caabb9cebda7d950cddb4bea,1,1,0.9933333333333333
e74dd364ef942d16a56ac89784960465,1,1,0.9933333333333333
9665400752ccb3e14f08268109eb3dff,1,1,0.9933333333333333
838599eca0ca17d7c2e3e77244a876ef,1,1,0.9933333333333333
304c306fe3b0697b90ecf8f2ee2edbd0,1,1,0.9933333333333333
937c93fad1535c761d104452360d7f28,1,1,0.9933333333333333
d64c94975f7de95d79b07b8810844101,1,1,0.9933333333333333
39d790ca48ae780dac2450a7621b429a,1,1,0.9933333333333333
5d9390ce26af7728d9be012c57000041,1,1,0.9933333333333333
48021e14968958ffa8f6cb81686fdec4,1,1,0.9933333333333333
41ddc04fb6531d6d05c682f24eb369cd,1,1,0.9933333333333333
ae049380d8c1522bc210b9babc00cf8f,1,1,0.9933333333333333
4c61ba19603e513486f1a5353cb59ebb,1,1,0.9933333333333333
32fb1dfb29c315c3452172bc66965df5,1,1,0.9933333333333333
389bbbe70248fbeecdf9bb1bd0d1da04,1,1,0.9933333333333333
44e0b8d60cac11ae2e78da9469638289,1,1,0.9933333333333333
7ffc4c924caa3a403b9305773a272544,1,1,0.9933333333333333
a8a132a6e0ce9d7e21f0f7870ab98dfb,1,1,0.9933333333333333
7468a3da16a97d6b07b5c74a8443d90d,1,1,0.9933333333333333
3ca83d75906d1436bc92bf48ad8f16b8,1,1,0.9933333333333333
7a3612b5d7e5ff4d72a6fbf12813b06c,1,1,0.9933333333333333
e867d90e525a86722da7e30c11d1c1f6,1,1,0.9933333333333333
260c042c3679481fc752d67f8b8bde5e,1,1,0.9933333333333333
1b5125add0151708a81564406b36937b,1,1,0.9933333333333333
3c95a82ab6522e85d1759dc696b80e6a,1,1,0.9933333333333333
60592e246dc36ab75bc52f9e2c01fdec,1,1,0.9933333333333333
aa8cd53acfef02f73bb7b6d87ab1fe03,1,1,0.9933333333333333
d64c94975f7de95d79b07b8810844101,1,1,0.9933333333333333
02c1b88c8fb41efd13dab463eae9ef1b,1,1,0.9933333333333333
e46aaf7a28a0a225c44b9285fdae3c07,1,1,0.9933333333333333
41ddc04fb6531d6d05c682f24eb369cd,1,1,0.9933333333333333
2b0f17a2151d914ce7180cc56ef62ff5,1,1,0.9933333333333333
0412ebd7f2a76f0304f871f96bd7f65e,1,1,0.9933333333333333
31b20b15755dc71378831eede0f3f1fd,1,1,0.9933333333333333
15a54792a417a5808724558d934bc87c,1,1,0.9933333333333333
8afe37d11362b8bf58425aec5c094555,1,1,0.9933333333333333
7aae966f5c8bdf5f1583279982bd4939,1,1,0.9933333333333333
937c93fad1535c761d104452360d7f28,1,1,0.9933333333333333
3369c7136b978ec44c4433277110574c,1,1,0.9933333333333333
ba152a8eb68c445b242ea9a78d6e6515,1,1,0.9933333333333333
5c861467b8e977066bc0b286f9e789a2,1,1,0.9933333333333333
3ac5d34c8a92efa7cb3b2709731fc7d7,1,1,0.9933333333333333
ca4cba5cabb8d947fa5adbd615c73857,1,1,0.9933333333333333
7aae966f5c8bdf5f1583279982bd4939,1,1,0.9933333333333333
6c46c079119b1fd5ce5bd3d14834f1d8,1,1,0.9933333333333333
21b4a1ede6a209976cde28a2118f3490,1,1,0.9933333333333333
55d3596801d13c1a8c53497bdc4f51fc,1,1,0.9933333333333333
f5cda515e0cd2f6f5a123d7171995d0d,1,1,0.9933333333333333
40cd8f53add9e922dea007043e4e0ba2,1,1,0.9933333333333333
fce67239fbf61605fe06338dabfb7562,1,1,0.9933333333333333
65a6016fab8c346c93105773a3a0e712,1,1,0.9933333333333333
d3b5297e5580ecaf1e31044f5cdcf3c2,1,1,0.9933333333333333
30feddb7b960c4dd53e79f08db1852a2,1,1,0.9933333333333333
dabada9808d78232dce891b78241aae8,1,1,0.9933333333333333
ef1471bffdfcd60ab1950e63f46c520e,1,1,0.9933333333333333
ea5309d225909f7b26683b60e53930a1,1,1,0.9933333333333333
101cf90f601997ff1a39391c9f73ea1d,1,1,0.9933333333333333
a22ef10dd7dc76ce21bdd65dfc49f122,1,1,0.9933333333333333
4be292f6faa5cb98266310d8b66ba7db,1,1,0.9933333333333333
93dc44509f80dff390f2cc3ed75a88a7,1,1,0.9933333333333333
e6d3e167553eacb547df384439ce933a,1,1,0.9933333333333333
c3f70ecdad7a21621ba5b5d73b2a7713,1,1,0.9933333333333333
1a8b86de83dd0b1fb1c13b4539c5040c,1,1,0.9933333333333333
dfb692b71601774e57994de1f3bcaa07,1,1,0.9933333333333333
0455db7a0319ca0f57a01f61d46b759a,1,1,0.9933333333333333
c8133010caabb9cebda7d950cddb4bea,1,1,0.9933333333333333
76a126c22f9138f48e8f0b0d0c7b641e,1,1,0.9933333333333333
3e0cd8e60de14d9891cfba40821cceee,1,1,0.9933333333333333
39d790ca48ae780dac2450a7621b429a,1,1,0.9933333333333333
2eca43c3c864f23e70edc6f1b5cef43c,1,1,0.9933333333333333
5b73a6bbf809393aa3e76c943f97383e,1,1,0.9933333333333333
b5f038363279da9e022d0bcb265981e5,1,1,0.9933333333333333
03c029199336b36c40c4c213bd53397d,1,1,0.9933333333333333
bd90292fee2e0feaffcf48cfd508a29a,1,1,0.9933333333333333
9b7350eef36b596ca8244cce2d721256,1,1,0.9933333333333333
c68bb56107c010ba795083dfdb4a9d5e,1,1,0.9933333333333333
4ca835203b8dbf372b641618e5930c86,1,1,0.9933333333333333
c08875e5ea7cc6064bda2ab315ac04e7,1,1,0.9933333333333333
bb5860683349349de9ae65374e86fcef,1,1,0.9933333333333333
316c9ad01bbeecb739d86397c95e2f40,1,1,0.9933333333333333
bda3fd6fe8abae1e19bd8385f58886e8,1,1,0.9933333333333333
4a0bbb57909a0c0eb0ee3dd84f93ea3f,1,1,0.9933333333333333
02c1b88c8fb41efd13dab463eae9ef1b,1,1,0.9933333333333333
853676105d2f1710de3c3d153ed22e3b,1,1,0.9933333333333333
a3d2d6f7b96af846fa5e1cfae63d403c,1,1,0.9933333333333333
de92494d7140dc94be6a1ebafaf98056,1,1,0.9933333333333333
ecfe69444a209b52896d1047c6521d32,1,1,0.9933333333333333
839492301e7c2d24c02c89315f307e39,1,1,0.9933333333333333
3b75ab08a3e56e8f45efb219a7d7f18d,1,1,0.9933333333333333
080787fae10405ec2d8c79d6f5b5292c,1,1,0.9933333333333333
e47eda556f20a76da48a3b4c884ee02e,1,1,0.9933333333333333
e46aaf7a28a0a225c44b9285fdae3c07,1,1,0.9933333333333333
3b716202c7190a2452286787e19c5519,1,1,0.9933333333333333
304c306fe3b0697b90ecf8f2ee2edbd0,1,1,0.9933333333333333
180e0bfb537a95ed3b78f50b7229d698,1,1,0.9933333333333333
e0146123a8b3279abaa52b22c4735231,1,1,0.9933333333333333
a1941a9aa5358b504a4abbcfbb625c51,1,1,0.9933333333333333
874704a930e3c7bd4c5b2bf8301c83db,1,1,0.9933333333333333
eb95004f9ef549538ec6cb13658860d8,1,1,0.9933333333333333
3babadcdc2264654fcb4a1330134969f,1,1,0.9933333333333333
02c1b88c8fb41efd13dab463eae9ef1b,1,1,0.9933333333333333
cdd15339664652b61da808ee54509680,1,1,0.9933333333333333
ccf8681135019c532e08f6b112fafa5d,1,1,0.9933333333333333
f1d78e867b71033aa8172c60e56c76be,1,1,0.9933333333333333
2a018d187aaf3c584d3782ff71c55282,1,1,0.9933333333333333
1d4a665170914d996d3fb78069495516,1,1,0.9933333333333333
384338f61e8d23ef8de411a53416ab04,1,1,0.9933333333333333
44e0b8d60cac11ae2e78da9469638289,1,1,0.9933333333333333
757f325721b31ef8e7e3b52b77b93c9e,1,1,0.9933333333333333
e4053a0ad6c55e4665e8e9adb9f75db5,1,1,0.9933333333333333
7eb0049eee8aca50acee0d584dc6cfa7,1,1,0.9933333333333333
3951742ef5a7c5e486bae8e46c2f1df7,1,1,0.9933333333333333
0df6c4f0f0c1074cfd292dbdab889afd,1,1,0.9933333333333333
24011ae4ebbe3035111d65fa7c15bc57,1,1,0.9933333333333333
8b9d293b44b9ae8adc876fbb4bb2864a,1,1,0.9933333333333333
10e6828ddd62cbcf687cb74928c4c2d2,1,1,0.9933333333333333
4da660cb181324e74a01d45ccb299c77,1,1,0.9933333333333333
55a6bb3b17ca7e8af437191915ef7def,1,1,0.9933333333333333
48021e14968958ffa8f6cb81686fdec4,1,1,0.9933333333333333
286234cad3d6506e3020da6b2638337f,1,1,0.9933333333333333
021ee1f0c081940a983065e077756689,1,1,0.9933333333333333
555fb4d151954924472ec4d5e49bdd1f,1,1,0.9933333333333333
1465b93f72dd019e9b7a810a36e2e0d7,1,1,0.9933333333333333
6f168e211b64cff308400a0da23fb863,1,1,0.9933333333333333
e74dd364ef942d16a56ac89784960465,1,1,0.9933333333333333
aef79ff04e0c1e0af1f028428060a5c4,1,1,0.9933333333333333
84604d4915f1cab2ecd2c228cad893aa,1,1,0.9933333333333333
41e52907c75e443716fb8e854fe6b6f4,1,1,0.9933333333333333
8cb2c1dc53df36fc85480b3258211693,1,1,0.9933333333333333
8363c232e573649dac1c63cf49c5f799,1,1,0.9933333333333333
eb489d9a9b535b5e139a128d747d0309,1,1,0.9933333333333333
8430cb81dd9f9e46af7e6f12860d023c,1,1,0.9933333333333333
c9563809a965bcea59d343e3dd98d44c,1,1,0.9933333333333333
7d377ffb978594740b4227075e649abb,1,1,0.9933333333333333
6c46c079119b1fd5ce5bd3d14834f1d8,1,1,0.9933333333333333
3951742ef5a7c5e486bae8e46c2f1df7,1,1,0.9933333333333333
48d1f9c070e1cc7066c496fe1515b09c,1,1,0.9933333333333333
9d010a71c976a60095791dc53ab4ff08,1,1,0.9933333333333333
9fec057c00841f8f8d4cf7ca16bfdc2d,1,1,0.9933333333333333
6c7b3c1f0b7c5bba7fbe34f85b900e90,1,1,0.9933333333333333
da43f959735adb10b6c74ed4699c15eb,1,1,0.9933333333333333
9ead03023106e8f5def2a806e5f8f070,1,1,0.9933333333333333
5b73a6bbf809393aa3e76c943f97383e,1,1,0.9933333333333333
b1e773762052b38569b1e68aaa10576e,1,1,0.9933333333333333
8a948d3a4da17a1cd6b5591da4b38131,1,1,0.9933333333333333
17d489832aec5715445c12c166cbb76c,1,1,0.9933333333333333
e99d4482fc94909cf706815c5ae50a1e,1,1,0.9933333333333333
d022809223c1de80f1f470d2ead6ce53,1,1,0.9933333333333333
bd9ec0b57368993858c8833e38264dfb,1,1,0.9933333333333333
9b870ff4fb5083f95bb301d05a2bba77,1,1,0.9933333333333333
2b1909e7f1f84e6c821150ed33a30631,1,1,0.9933333333333333
dabada9808d78232dce891b78241aae8,1,1,0.9933333333333333
384338f61e8d23ef8de411a53416ab04,1,1,0.9933333333333333
137a685dcfba3bf8f693a287cd4c3954,1,1,0.9933333333333333
3babadcdc2264654fcb4a1330134969f,1,1,0.9933333333333333
b59e36cd4db55e60a07c642a369a59eb,1,1,0.9933333333333333
30c7b57fa4796e5f764202cf65529469,1,1,0.9933333333333333
559a351a2b69e35ca63c66e753eda8c7,1,1,0.9933333333333333
8363c232e573649dac1c63cf49c5f799,1,1,0.9933333333333333
f412178ff85152bffd0dbad076928e0b,1,1,0.9933333333333333
622c0f6ee7e3320a31abacd7c0817b18,1,1,0.9933333333333333
a6e97778ae2b796c2c2ddb339f21088a,1,1,0.9933333333333333
c838eef8b67e2cde6658047b219ba314,1,1,0.9933333333333333
4bcf41c833380b4fa7dd142ddae433de,1,1,0.9933333333333333
a1941a9aa5358b504a4abbcfbb625c51,1,1,0.9933333333333333
350b34a9e6634ce6355f9eef12079355,1,1,0.9933333333333333
53e06dc6584f7badabb9726d0c875c43,1,1,0.9933333333333333
b18b03e6e03a3170af71204015a45e78,1,1,0.9933333333333333
fa64c30044ce822f04a27145eb5fa63b,1,1,0.9933333333333333
4bcf41c833380b4fa7dd142ddae433de,1,1,0.9933333333333333
93dc44509f80dff390f2cc3ed75a88a7,1,1,0.9933333333333333
65f9195bb052c61c5469a8e916d8b7de,1,1,0.9933333333333333
40cd8f53add9e922dea007043e4e0ba2,1,1,0.9933333333333333
1adf14d41e4c3bbb48635ada51ed3a83,1,1,0.9933333333333333
2a05dc0d3757a35b71b60cb7ccb3ee7a,1,1,0.9933333333333333
d70d97dd7fa745a26bcd6ede30faf3b4,1,1,0.9933333333333333
9665400752ccb3e14f08268109eb3dff,1,1,0.9933333333333333
e4053a0ad6c55e4665e8e9adb9f75db5,1,1,0.9933333333333333
54f8ca2ab1f8fadc6c380285df40a329,1,1,0.9933333333333333
840a9d67e3492d37103d2a82fe72715f,1,1,0.9933333333333333
c309a1eaf97a2d5d8e7c8e5dad902b42,1,1,0.9933333333333333
8073016b742f47cf4c76cc41dc410122,1,1,0.9933333333333333
05ff1a157e93cf0caf53b92ef0f1054d,1,1,0.9933333333333333
3954d20eaa64f2e1260677db7b251aef,1,1,0.9933333333333333
5170ee46304a1d825450fd23977f5147,1,1,0.9933333333333333
3f882506a7666c4eee4d529b25a2b526,1,1,0.9933333333333333
62af0589c80dc24cf79a4058cbbac1d8,1,1,0.9933333333333333
0c0c286e24daf56856aff5d382c7167a,1,1,0.9933333333333333
df246db8ae08ba9b817a45eae7b5f25b,1,1,0.9933333333333333
7d377ffb978594740b4227075e649abb,1,1,0.9933333333333333
0af837073931dd6219536236fc246820,1,1,0.9933333333333333
021ee1f0c081940a983065e077756689,1,1,0.9933333333333333
e0146123a8b3279abaa52b22c4735231,1,1,0.9933333333333333
c5d8d1c84e49ff8720405381040fc5dd,1,1,0.9933333333333333
b5f038363279da9e022d0bcb265981e5,1,1,0.9933333333333333
f2a27f4a3678f451be931d1d74c4b8dd,1,1,0.9933333333333333
86e48b31a80b58689626d33825e1da75,1,1,0.9933333333333333
d5ea14584a332ec78af4215cca90462b,1,1,0.9933333333333333
2989ccb5840f6df6778c5af91165e9aa,1,1,0.9933333333333333
db49de72b87cf40874195215b83f0d44,1,1,0.9933333333333333
77f27ddf789130228572aad31abdf3f8,1,1,0.9933333333333333
03c029199336b36c40c4c213bd53397d,1,1,0.9933333333333333
de92494d7140dc94be6a1ebafaf98056,1,1,0.9933333333333333
1adf14d41e4c3bbb48635ada51ed3a83,1,1,0.9933333333333333
3415b76ab362437d785ecfd65d706395,1,1,0.9933333333333333
a9c046edcd3df5a4d577f4d1e17aa2ee,1,1,0.9933333333333333
3babadcdc2264654fcb4a1330134969f,1,1,0.9933333333333333
001cb880d847a0b63b404a48e50aec17,1,1,0.9933333333333333
547886dab065e36d533e4fd790c4e7b7,1,1,0.9933333333333333
533b178f5550485f0c03dad9400ed669,1,1,0.9933333333333333
ae8ad32b8d463321ae948cf3dcbad485,1,1,0.9933333333333333
8b0043e42290a695e99fcfe09e9ef303,1,1,0.9933333333333333
0cf1cc18d0eca108f5ebe7215bd6dd19,1,1,0.9933333333333333
6f168e211b64cff308400a0da23fb863,1,1,0.9933333333333333
c1cda7ed248097302bfea03cad696b33,1,1,0.9933333333333333
5a05015f3f24fb760f402cf0b174efd3,1,1,0.9933333333333333
43c77f3c85bb7c3037bcfcd86eb44558,1,1,0.9933333333333333
f4c630d654f1a6d2c76c108527a0afe7,1,1,0.9933333333333333
76cfa6e8c510f5e2ee67e7e8b244d32d,1,1,0.9933333333333333
40cd8f53add9e922dea007043e4e0ba2,1,1,0.9933333333333333
180e0bfb537a95ed3b78f50b7229d698,1,1,0.9933333333333333
9e701eec3a87284d0831360628bcfcac,1,1,0.9933333333333333
d3b5297e5580ecaf1e31044f5cdcf3c2,1,1,0.9933333333333333
f8554b3d2c778baf35cb4562feaab7a5,1,1,0.9933333333333333
ed4dec663fc8ff097f1b28a7631ae934,1,1,0.9933333333333333
255a0c25457195ddaa52c7cb4091faff,1,1,0.9933333333333333
e9c965dd9b12a125f9b5361fb1dce4f0,1,1,0.9933333333333333
7c162ca3e5f9413a59c8b95ce2b1b7a0,1,1,0.99
0908c365d6d898eb8638f222f6ef101a,1,1,0.99
f3773916e8d59e9c7e63e5a01960a352,1,1,0.99
6cfbce2099a4163ea4fe422fb28829ea,1,1,0.99
40c8594e61943b300ffcf78db01f42dc,1,1,0.99
753dea286492261321d24946306a6dca,1,1,0.99
0f26ec5c55b16341d7f9d7ac4ce9c2d2,1,1,0.99
fcca3d1dd9918b3fab17c59ace6eb9c2,1,1,0.99
878aa7974a5fbd02769835d05f6f09ce,1,1,0.99
2d241b7267d18a3b9aee58414851456b,1,1,0.99
83c01b293dcb80749ac216664d072236,1,1,0.99
dc706f562e1e0fba2c5a7fe4fb4e4912,1,1,0.99
93054a281164e7ba0eb42ad306b7c15a,1,1,0.99
2eca43c3c864f23e70edc6f1b5cef43c,1,1,0.99
5c5d317b7c3334febc2428e7f3674a4d,1,1,0.99
878aa7974a5fbd02769835d05f6f09ce,1,1,0.99
63e56424e96350d9671a98cf1608a8bf,1,1,0.99
31044073063e3440dd3c9b29a7804e8b,1,1,0.99
cae24136e0d9549992c876c2c2020c98,1,1,0.99
077e51842eea4559c261496222583b21,1,1,0.99
6cfbce2099a4163ea4fe422fb28829ea,1,1,0.99
2dfad0d4792a6c8e501a4a9f6d1c5ec6,1,1,0.99
6515256fd4c3cbb94ec92f7f4213d923,1,1,0.99
225d34b17c8d3dacb3c99de0140b65e6,1,1,0.99
e57978eba75a81d4f8fad02431c7c33c,1,1,0.99
501f5d8383d88bd78b5fef91688bc5e7,1,1,0.99
7e655bdceae749cd7620f3a6b38128c4,1,1,0.99
c32ac7d4d65333f13bc4f2d15fa1b878,1,1,0.99
6894e2b3b43a3347649392702fb84fcd,1,1,0.99
2f9be143d3e0787510840a5bfb9aad8a,1,1,0.99
d8ebba7a4769a911b000826f82473bcd,1,1,0.99
b4e437990e3bd9026cc8cd14ac2b7fda,1,1,0.99
8b7d5686afe4a8dccdd449b97f04262a,1,1,0.99
56022aaf96bdced4d517d0edf2e23074,1,1,0.99
964982e9282cde9d55ae35168f31ab26,1,1,0.99
077e51842eea4559c261496222583b21,1,1,0.99
f3773916e8d59e9c7e63e5a01960a352,1,1,0.99
4b6ef3395679143844d001d2ddbb5c01,1,1,0.99
e4d93537221f6eef070b795dc19de422,1,1,0.99
fe683d8062ef99d594238099a21fb793,1,1,0.99
acfc64a25aa08855407b467f2573cb3e,1,1,0.99
7848dd4774b76ab3643f00cd2ba48d31,1,1,0.99
40c8594e61943b300ffcf78db01f42dc,1,1,0.99
e73c7ab44605de043470eacd6473c6e6,1,1,0.99
09585e078762063df0b19dc9579f19cb,1,1,0.99
a3b3ca1b89313b188adbb9aa033bd672,1,1,0.99
cf58098e7524afcc62df78abaf02a1ab,1,1,0.99
5f8affa65498515ffb8f9733290cca72,1,1,0.99
48d1f9c070e1cc7066c496fe1515b09c,1,1,0.99
fbedce4f43c7277eda0de2b9af59f820,1,1,0.99
69eba8bc42088dc5782090e791994041,1,1,0.99
c577a47c742db82a040415c771c0c2a7,1,1,0.99
1d4a665170914d996d3fb78069495516,1,1,0.99
079e3911c9d3fb76a900c3c382130a2e,1,1,0.99
569ccdbdfb34f267d3a1c570112c9477,1,1,0.99
52d65a4330270c13ba1f0a0a2016281e,1,1,0.99
c30e4df1ceb1541264d47c79a40668e7,1,1,0.99
85b1dbee69f4b3f21f8bed43c265ceac,1,1,0.99
3c156efe0c7eec5e3a6b757a81351537,1,1,0.99
5d9390ce26af7728d9be012c57000041,1,1,0.99
8fbf1960ad3a3d712ab35f970f3d6c57,1,1,0.99
01cde600c358e7761200e4ad4a249e70,1,1,0.99
87698c3704c88f31077bcdc510a052e7,1,1,0.99
26b1ea854f4ac8aa891cd0f1794f47ee,1,1,0.99
bfee211bd930ce0f73d59dde0db31163,1,1,0.99
aa77e9897796ad0d22a357d64b13a3d2,1,1,0.99
e57978eba75a81d4f8fad02431c7c33c,1,1,0.99
d57f8d9a4b9f9179cf1880ff036aa9a1,1,1,0.99
fb2801f10a5f806f2197363718680a7c,1,1,0.99
f809af89009e8716a3b73b50ad0c0a61,1,1,0.99
437b009c0c4876f9c83faea0be0b600f,1,1,0.99
a8146575b5250126bbf358edc7b1d18f,1,1,0.99
e47eda556f20a76da48a3b4c884ee02e,1,1,0.99
38f6db63f2240230f9607710b0ee6b5c,1,1,0.99
b77ee3e6bb5ee01ff4c7ec65a3bc1b51,1,1,0.99
c08875e5ea7cc6064bda2ab315ac04e7,1,1,0.99
5142a30726de4c17845313538c8e6e75,1,1,0.99
d8e589d515b7c905bb73eece1d8781d8,1,1,0.99
e14f54bf02d4e6142827ac2fd319c78d,1,1,0.99
4b6ef3395679143844d001d2ddbb5c01,1,1,0.99
5c5d317b7c3334febc2428e7f3674a4d,1,1,0.99
4095b6e665d5228a707f65a9b83f2a29,1,1,0.99
bb601acdc51af77a1efe47cdda0af45b,1,1,0.99
c67df177a4cdfd302ed63f4511fe1c46,1,1,0.99
5770d7dfa8b7e9951c0d100a53477f3d,1,1,0.99
0f451ea2bb12280cc5ca3cfb562aac52,1,1,0.99
0e6dc64d71621dfc44db9ab92c7e0be8,1,1,0.99
8c7c3fb54042437299811438dee3ca21,1,1,0.99
d84c29703d55fbbb49f8fc756b1ddd39,1,1,0.99
93054a281164e7ba0eb42ad306b7c15a,1,1,0.99
55ebaf77fe25a424b4c4dda1824c5bad,1,1,0.99
acfc64a25aa08855407b467f2573cb3e,1,1,0.99
aef79ff04e0c1e0af1f028428060a5c4,1,1,0.99
03b3add03d1fcd25ed9f9a7b0b81fbbb,1,1,0.99
c577a47c742db82a040415c771c0c2a7,1,1,0.99
5f8affa65498515ffb8f9733290cca72,1,1,0.99
b7878f5985866f506b7426d368a46ee0,1,1,0.99
32739fac49e625b55e01dd09da9bf845,1,1,0.99
a95aaad4532d4934a061e26a5b6a74ce,1,1,0.99
f3773916e8d59e9c7e63e5a01960a352,1,1,0.99
1adf14d41e4c3bbb48635ada51ed3a83,1,1,0.99
2c2c6bd08fe3ff1d070454cd7e0bd46b,1,1,0.99
c432028774483fd81ab8df62f2e5a161,1,1,0.99
490c26046bae1b6468cfdbd769f5062f,1,1,0.99
c577a47c742db82a040415c771c0c2a7,1,1,0.99
87698c3704c88f31077bcdc510a052e7,1,1,0.99
e2db0f7f137d0f89cc6b4d31d3c800be,1,1,0.99
fcca3d1dd9918b3fab17c59ace6eb9c2,1,1,0.99
836816ddab2d9aba8bff712e6d835766,1,1,0.99
fb1a35a4963f94b4e3deff800db1d952,1,1,0.99
b7878f5985866f506b7426d368a46ee0,1,1,0.99
f5c85d1ef025d9e8ea0f2acad8cf99e3,1,1,0.99
206c000664023b7db634ad29cbe4b601,1,1,0.99
e4ffb30428c090d7214d7747983cc3c9,1,1,0.99
3d78bfdc98f859ab92bd93ee7eab29ae,1,1,0.99
7c162ca3e5f9413a59c8b95ce2b1b7a0,1,1,0.99
6e81546787e3f5bdecd242b167355a52,1,1,0.99
5770d7dfa8b7e9951c0d100a53477f3d,1,1,0.99
a9c046edcd3df5a4d577f4d1e17aa2ee,1,1,0.99
5ffa831446e6514d76e2ebb3c38acaea,1,1,0.99
4177733709074219524b95aab218529a,1,1,0.99
4b6ef3395679143844d001d2ddbb5c01,1,1,0.99
77b2029b91a45f46b9a5b00ee9509c55,1,1,0.99
86e48b31a80b58689626d33825e1da75,1,1,0.99
d15ef55fdbf63ef2bddfd1bd67959ab4,1,1,0.99
56022aaf96bdced4d517d0edf2e23074,1,1,0.99
d1517ceb5c3afdfd31e667b519c47508,1,1,0.99
8aab9ae127bd3ff31300829efb2fc6e1,1,1,0.99
4640add258927798f8a9c49442431a1e,1,1,0.99
2797df5a43bd1e32f9eaf7d26cf1aa49,1,1,0.99
0eba8e97263f508fd796a9a3bda1ad17,1,1,0.99
433af651378a909e602808991b8a645e,1,1,0.99
6baa041612180c3437191c1b8a71b680,1,1,0.99
7bdd75daeab3d7495f74fe37a9eedc02,1,1,0.99
03b3add03d1fcd25ed9f9a7b0b81fbbb,1,1,0.99
aef79ff04e0c1e0af1f028428060a5c4,1,1,0.99
4095b6e665d5228a707f65a9b83f2a29,1,1,0.99
cc6592aad4e597f80e68e11b9f7bf917,1,1,0.99
97ed2e978ef83da19474f76e82ae732f,1,1,0.99
b5f038363279da9e022d0bcb265981e5,1,1,0.99
1e7831058d485372fc86366b92cb429b,1,1,0.99
c30e4df1ceb1541264d47c79a40668e7,1,1,0.99
77e71a55936099245f468033245f1e1c,1,1,0.99
7a3612b5d7e5ff4d72a6fbf12813b06c,1,1,0.99
a85c3eb114b84e7c71883ecc1801a090,1,1,0.99
026d7e86c8e269a63c2fbb2508bd3e14,1,1,0.99
e4ffb30428c090d7214d7747983cc3c9,1,1,0.99
2f9be143d3e0787510840a5bfb9aad8a,1,1,0.99
c498721c3c97dfe42c3ca665f7bb8f6c,1,1,0.99
8f90f9963e8abb153f57bcfa4e7fdf38,1,1,0.99
a747f1873311605008100077d0b5d63e,1,1,0.99
1f7d45b2bcd16883507535288d3de02b,1,1,0.99
3d78bfdc98f859ab92bd93ee7eab29ae,1,1,0.99
2d2323174a489751dedef1bc0486eb4c,1,1,0.99
62af0589c80dc24cf79a4058cbbac1d8,1,1,0.99
b1b567964290e0d30ccf93bcae19f83a,1,1,0.99
09194532dbd0564535cd3e36d44d1003,1,1,0.99
31044073063e3440dd3c9b29a7804e8b,1,1,0.99
09194532dbd0564535cd3e36d44d1003,1,1,0.99
612cb2b59607977ea1085ed5eb21a1c4,1,1,0.99
8ceb17f783b91959aa02fcda0c000495,1,1,0.99
60e7f0506d2b639bcf9720c7a2993651,1,1,0.99
32739fac49e625b55e01dd09da9bf845,1,1,0.99
5c861467b8e977066bc0b286f9e789a2,1,1,0.99
b64fd0093c304ffdd23fcdaff544ae59,1,1,0.99
62af0589c80dc24cf79a4058cbbac1d8,1,1,0.99
e46aaf7a28a0a225c44b9285fdae3c07,1,1,0.99
4bae69a09e632eb6cd7b7dce31dfca89,1,1,0.99
83921cc35f7c986919f4a43baf729d0b,1,1,0.99
ea818987f5ec617423866b9dab203000,1,1,0.99
5142a30726de4c17845313538c8e6e75,1,1,0.99
e47eda556f20a76da48a3b4c884ee02e,1,1,0.99
05ff1a157e93cf0caf53b92ef0f1054d,1,1,0.99
c7bc89bcaba803a8516ab8f0ee7b5741,1,1,0.99
079b025607e296d90feeecccf1767b12,1,1,0.99
2d241b7267d18a3b9aee58414851456b,1,1,0.99
424646acdd511495e928a3c2502b561c,1,1,0.99
b77ee3e6bb5ee01ff4c7ec65a3bc1b51,1,1,0.99
255a0c25457195ddaa52c7cb4091faff,1,1,0.99
f1f24e9f048478c6d41fa05795b1d424,1,1,0.99
95cc139b4f934f1e5a04378934d44598,1,1,0.99
e46aaf7a28a0a225c44b9285fdae3c07,1,1,0.99
6ff6beff91f0b8dbbd9fb14540d3ea17,1,1,0.99
1f7d45b2bcd16883507535288d3de02b,1,1,0.99
bb601acdc51af77a1efe47cdda0af45b,1,1,0.99
95cc139b4f934f1e5a04378934d44598,1,1,0.99
b18b5be050f94c50c05400cb30ea39ee,1,1,0.99
a3b3ca1b89313b188adbb9aa033bd672,1,1,0.99
964982e9282cde9d55ae35168f31ab26,1,1,0.99
7468a3da16a97d6b07b5c74a8443d90d,1,1,0.99
56022aaf96bdced4d517d0edf2e23074,1,1,0.99
0ec1e9e03287b0ad58e8711b400249be,1,1,0.99
2c2c6bd08fe3ff1d070454cd7e0bd46b,1,1,0.99
5ffa831446e6514d76e2ebb3c38acaea,1,1,0.99
d16c9eac51633c58f669a337a9a4e0c9,1,1,0.99
6556c853aa3703525ecaeaf3c59c381e,1,1,0.99
2d241b7267d18a3b9aee58414851456b,1,1,0.99
c498721c3c97dfe42c3ca665f7bb8f6c,1,1,0.99
90c041ebebdf69cf90ed05fea6a6d350,1,1,0.99
0af837073931dd6219536236fc246820,1,1,0.99
f732f7aa5363755f894f65ba3b6e03b8,1,1,0.99
0908c365d6d898eb8638f222f6ef101a,1,1,0.99
37a736a704d2de572db217142aa4b92b,1,1,0.99
0fbc33b04d92b5cd1049eb3f2d4cfaf9,1,1,0.99
e973e961dc70bd3bbcdc8f2ccbbdc767,1,1,0.99
95cc139b4f934f1e5a04378934d44598,1,1,0.99
4177733709074219524b95aab218529a,1,1,0.99
260c042c3679481fc752d67f8b8bde5e,1,1,0.99
b02445a0227097aa55107f8c9ec27c2d,1,1,0.99
85b1dbee69f4b3f21f8bed43c265ceac,1,1,0.99
98c1a07db4931b4840577527b14966df,1,1,0.99
3c156efe0c7eec5e3a6b757a81351537,1,1,0.99
5ccf50768ea349261f93ce6658f115be,1,1,0.99
96161538374a6215cf0f34fd52857688,1,1,0.99
b6dc6ad679fd7356b6f9204d6703de70,1,1,0.99
5c861467b8e977066bc0b286f9e789a2,1,1,0.99
501f5d8383d88bd78b5fef91688bc5e7,1,1,0.99
2797df5a43bd1e32f9eaf7d26cf1aa49,1,1,0.99
32739fac49e625b55e01dd09da9bf845,1,1,0.99
c32ac7d4d65333f13bc4f2d15fa1b878,1,1,0.99
c1cda7ed248097302bfea03cad696b33,1,1,0.99
e57978eba75a81d4f8fad02431c7c33c,1,1,0.99
569ccdbdfb34f267d3a1c570112c9477,1,1,0.99
215fcb61cd9905b5e605b292666975d9,1,1,0.99
1cf76425d13b105ef89ac9698de8f0e0,1,1,0.99
260c042c3679481fc752d67f8b8bde5e,1,1,0.99
e2db0f7f137d0f89cc6b4d31d3c800be,1,1,0.99
ac08f96bce780744a56117bc31c5dab1,1,1,0.99
f3b9b3cf681aef7c52da05361dba171d,1,1,0.99
b02445a0227097aa55107f8c9ec27c2d,1,1,0.99
b1b567964290e0d30ccf93bcae19f83a,1,1,0.99
1e7831058d485372fc86366b92cb429b,1,1,0.99
7ef9708bbe097445f0571a4ff57b482d,1,1,0.99
e92cbeb8f34c266eabecd9055abf4961,1,1,0.99
09585e078762063df0b19dc9579f19cb,1,1,0.99
1e7831058d485372fc86366b92cb429b,1,1,0.99
85b1dbee69f4b3f21f8bed43c265ceac,1,1,0.99
c08875e5ea7cc6064bda2ab315ac04e7,1,1,0.99
a8146575b5250126bbf358edc7b1d18f,1,1,0.99
e14f54bf02d4e6142827ac2fd319c78d,1,1,0.99
5ec082b0ad9ce4bd1da77c7338fbd203,1,1,0.99
df1533ca2d3b5e6b74b729e22f443686,1,1,0.99
08419e82c2a0f48160a1b68494d58f6c,1,1,0.99
501f5d8383d88bd78b5fef91688bc5e7,1,1,0.99
020b2cf4fda97d9000b00374ad959786,1,1,0.99
878aa7974a5fbd02769835d05f6f09ce,1,1,0.99
08419e82c2a0f48160a1b68494d58f6c,1,1,0.99
df1533ca2d3b5e6b74b729e22f443686,1,1,0.99
ccea5b8fe550112160b9e0020c7def9d,1,1,0.99
1cf76425d13b105ef89ac9698de8f0e0,1,1,0.99
df1533ca2d3b5e6b74b729e22f443686,1,1,0.99
225d34b17c8d3dacb3c99de0140b65e6,1,1,0.99
0eb1af92b6d8aea7a30a42f473e3041d,1,1,0.99
aa451d8c32c9895ae258f91525e8563c,1,1,0.99
077e51842eea4559c261496222583b21,1,1,0.99
55ebaf77fe25a424b4c4dda1824c5bad,1,1,0.99
7cd247215decfbd9f8f64874defb4910,1,1,0.99
62bce5efaf4e21e7e8741037c9e366a3,1,1,0.99
8430cb81dd9f9e46af7e6f12860d023c,1,1,0.99
77ebcb9d33152ed6f28e5b54c5057b23,1,1,0.99
f9fc8c8f8721e14b5af6b69b21a8b171,1,1,0.99
d1177ed9a04476a1fb40c205ae432dd8,1,1,0.99
8bb4f0b5b53d1d2aa3cfd6ff75491930,1,1,0.99
7ef9708bbe097445f0571a4ff57b482d,1,1,0.99
2d241b7267d18a3b9aee58414851456b,1,1,0.99
d1177ed9a04476a1fb40c205ae432dd8,1,1,0.99
2eca43c3c864f23e70edc6f1b5cef43c,1,1,0.99
0f422cf5911e5d08e168cdfea3c41267,1,1,0.99
1cf76425d13b105ef89ac9698de8f0e0,1,1,0.99
fe683d8062ef99d594238099a21fb793,1,1,0.99
b4e437990e3bd9026cc8cd14ac2b7fda,1,1,0.99
83c01b293dcb80749ac216664d072236,1,1,0.99
836816ddab2d9aba8bff712e6d835766,1,1,0.9866666666666667
c525fcb0860e5705d37743f5b5cadbfe,1,1,0.9866666666666667
a989ea2f3b2a6c53557d6414eb75c37c,1,1,0.9866666666666667
f4c630d654f1a6d2c76c108527a0afe7,1,1,0.9866666666666667
f652b01cd454785771102036a620ce68,1,1,0.9866666666666667
227d8b01b63ecad93fae3a2855f8b9cd,1,1,0.9866666666666667
bfffe2962c173d00d69c58c17660b5de,1,1,0.9866666666666667
057b442dd9bdee2d0dd6ba5c40922df9,1,1,0.9866666666666667
fa9b8169107dbe1ad481721e4003684e,1,1,0.9866666666666667
0c6cd9e51d6ac4742179ccdb51277f53,1,1,0.9866666666666667
1fd3974f7ba0b35891fcfeb102a42f64,1,1,0.9866666666666667
d1177ed9a04476a1fb40c205ae432dd8,1,1,0.9866666666666667
4db39862fb360df58c377b66ee5a5ebc,1,1,0.9866666666666667
454c2113261d02bbed810aec59ddabea,1,1,0.9866666666666667
3334d1b71c03ca9f94e9f59bb1fdd74e,1,1,0.9866666666666667
b28a455c57fa6313763042bb607e50ea,1,1,0.9866666666666667
611cffe5f809d78f69cfb0afa2837e35,1,1,0.9866666666666667
b8ff9f1d201b7947078be7c4a697b548,1,1,0.9866666666666667
6ff6beff91f0b8dbbd9fb14540d3ea17,1,1,0.9866666666666667
63e56424e96350d9671a98cf1608a8bf,1,1,0.9866666666666667
a50f3320c86976b9c66c62ff1e95688c,1,1,0.9866666666666667
a50f3320c86976b9c66c62ff1e95688c,1,1,0.9866666666666667
11848e1ced4f1641e66d48a855a6dc31,1,1,0.9866666666666667
9e3babf2eb63ca2c46b046e27382c17c,1,1,0.9866666666666667
3f6f3017a6c7f1ecefaa56fe89539e53,1,1,0.9866666666666667
8b5d236ab7d880c90ef0f40892ea3f88,1,1,0.9866666666666667
2a3efa216aa571b7e413c99d265884db,1,1,0.9866666666666667
3a87d3a5e072651a8382b23023e5dc6c,1,1,0.9866666666666667
deaa6599c8805195de3463b93fd4740c,1,1,0.9866666666666667
2610e546b6d546f724cb0397dca1a14e,1,1,0.9866666666666667
552d39a365458452541e95701788745c,1,1,0.9866666666666667
12a495005bfe4c6a52d78d4a14493349,1,1,0.9866666666666667
f981367f0dcf2bd452f5a91d3db3db3c,1,1,0.9866666666666667
92b2ebe956e39b47bae6eae31f871c3e,1,1,0.9866666666666667
12a495005bfe4c6a52d78d4a14493349,1,1,0.9866666666666667
ccea5b8fe550112160b9e0020c7def9d,1,1,0.9866666666666667
430290b7bcf05792795660e95f9fd254,1,1,0.9866666666666667
66a5b500b042b0d742e0fd351f8d905c,1,1,0.9866666666666667
8d2533a90c96a7ac5e8becf193a19e8b,1,1,0.9866666666666667
01cde600c358e7761200e4ad4a249e70,1,1,0.9866666666666667
0b4d2eff71669eb07dc77186bce69d3e,1,1,0.9866666666666667
9e103b8fd0ce44d659a4c20914b027c0,1,1,0.9866666666666667
cae24136e0d9549992c876c2c2020c98,1,1,0.9866666666666667
c78d198abcd0609e2f703dc2618acf09,1,1,0.9866666666666667
0827495b5910491ba8dab860fb04f6e8,1,1,0.9866666666666667
9d010a71c976a60095791dc53ab4ff08,1,1,0.9866666666666667
dc3f50040a5cf6b690b29c9019cf6684,1,1,0.9866666666666667
0f14a29e1d966d525db63cada2677850,1,1,0.9866666666666667
1c15c509b1e9a1a9a63121c26f2cdf6a,1,1,0.9866666666666667
fe5d87b29697833863cf6229bd2e926e,1,1,0.9866666666666667
0b0da18e644bac389ba02ab23e1487ed,1,1,0.9866666666666667
97df38fac848925d207d70cb123ab52a,1,1,0.9866666666666667
ccea5b8fe550112160b9e0020c7def9d,1,1,0.9866666666666667
d813243618f2ceaad89da0bafe1198ef,1,1,0.9866666666666667
717a7c8501508411cabdf1af90398b05,1,1,0.9866666666666667
97df38fac848925d207d70cb123ab52a,1,1,0.9866666666666667
9d010a71c976a60095791dc53ab4ff08,1,1,0.9866666666666667
9e103b8fd0ce44d659a4c20914b027c0,1,1,0.9866666666666667
2b382ba7ef9f48adf5d6caffda9f2149,1,1,0.9866666666666667
f384f2d7e191cd58d39439414747e93e,1,1,0.9866666666666667
a989ea2f3b2a6c53557d6414eb75c37c,1,1,0.9866666666666667
34c2ad7336165634edbeb11063758bf4,1,1,0.9866666666666667
15fd95799a712ed3a80bda39e2379559,1,1,0.9866666666666667
deaa6599c8805195de3463b93fd4740c,1,1,0.9866666666666667
0c6cd9e51d6ac4742179ccdb51277f53,1,1,0.9866666666666667
aa77e9897796ad0d22a357d64b13a3d2,1,1,0.9866666666666667
b8ff9f1d201b7947078be7c4a697b548,1,1,0.9866666666666667
11eebdf76cdfaf79119cceced2fc288c,1,1,0.9866666666666667
8fbf1960ad3a3d712ab35f970f3d6c57,1,1,0.9866666666666667
d7db0b6f006650a3442d2c8c51137938,1,1,0.9866666666666667
e49f36bbfd176a5c0d6f4c7bbf5ee3cc,1,1,0.9866666666666667
dc3f50040a5cf6b690b29c9019cf6684,1,1,0.9866666666666667
0f14a29e1d966d525db63cada2677850,1,1,0.9866666666666667
bdd00a99c7708acce617038ca7329102,1,1,0.9866666666666667
a85c3eb114b84e7c71883ecc1801a090,1,1,0.9866666666666667
5770d7dfa8b7e9951c0d100a53477f3d,1,1,0.9866666666666667
142edc11636f47050629bed7f19560a6,1,1,0.9866666666666667
f981367f0dcf2bd452f5a91d3db3db3c,1,1,0.9866666666666667
44980d754d567bfe4bb0bad7a203ad21,1,1,0.9866666666666667
964982e9282cde9d55ae35168f31ab26,1,1,0.9866666666666667
4572d0d004b01d651f3297e3d29685e5,1,1,0.9866666666666667
c525fcb0860e5705d37743f5b5cadbfe,1,1,0.9866666666666667
56ecf51d74cadc8465b4e55fd571945f,1,1,0.9866666666666667
9a39fa20b96f9cd9a47db6e6c327fc01,1,1,0.9866666666666667
878aa7974a5fbd02769835d05f6f09ce,1,1,0.9866666666666667
5ccf50768ea349261f93ce6658f115be,1,1,0.9866666666666667
5839cded2f4370c41f720e85ac3be24f,1,1,0.9866666666666667
8b5d236ab7d880c90ef0f40892ea3f88,1,1,0.9866666666666667
430290b7bcf05792795660e95f9fd254,1,1,0.9866666666666667
48d1f9c070e1cc7066c496fe1515b09c,1,1,0.9866666666666667
cae24136e0d9549992c876c2c2020c98,1,1,0.9866666666666667
d74c00d93847e81d6773d0577f31867c,1,1,0.9866666666666667
0ab9078401445772f60ced0a8241e160,1,1,0.9866666666666667
ae049380d8c1522bc210b9babc00cf8f,1,1,0.9866666666666667
3c0726409aa739215c00ede8977d502b,1,1,0.9866666666666667
0f35ddecc6f235dcf07fb5a8edefc298,1,1,0.9866666666666667
fe5d87b29697833863cf6229bd2e926e,1,1,0.9866666666666667
9a39fa20b96f9cd9a47db6e6c327fc01,1,1,0.9866666666666667
01cde600c358e7761200e4ad4a249e70,1,1,0.9866666666666667
8d2533a90c96a7ac5e8becf193a19e8b,1,1,0.9866666666666667
464ee5e80464cc3fb09b449cd8e5734f,1,1,0.9866666666666667
05d1a42b97770b2b3eea0456b98aa562,1,1,0.9866666666666667
5b0589511a3581ab788c02cd8161258f,1,1,0.9866666666666667
76cfa6e8c510f5e2ee67e7e8b244d32d,1,1,0.9866666666666667
8df55a7c337dd82b2efd73ee2f160c56,1,1,0.9866666666666667
611cffe5f809d78f69cfb0afa2837e35,1,1,0.9866666666666667
aacd2e56e7c73d00911c86fff950c3fc,1,1,0.9866666666666667
9d45acea5954ab7153612d8411a5a69a,1,1,0.9866666666666667
7e655bdceae749cd7620f3a6b38128c4,1,1,0.9866666666666667
d74c00d93847e81d6773d0577f31867c,1,1,0.9866666666666667
c309a1eaf97a2d5d8e7c8e5dad902b42,1,1,0.9866666666666667
4f15f28c74d8aaaaa144bcaeccb1de4b,1,1,0.9866666666666667
0aac0fc63347f6955f71ce8bd2332dd9,1,1,0.9866666666666667
1d4a665170914d996d3fb78069495516,1,1,0.9866666666666667
12a495005bfe4c6a52d78d4a14493349,1,1,0.9866666666666667
2e426bf060ac8801f6a1198bc5c27624,1,1,0.9866666666666667
0b0da18e644bac389ba02ab23e1487ed,1,1,0.9866666666666667
c78d198abcd0609e2f703dc2618acf09,1,1,0.9866666666666667
4db39862fb360df58c377b66ee5a5ebc,1,1,0.9866666666666667
9c29eb92748fa1d1c1e28584c6782928,1,1,0.9866666666666667
2ffae69953bea67f0e8cecbb5b83450c,1,1,0.9866666666666667
6a34b0a85d31e84d251f9a1fbc3b1722,1,1,0.9866666666666667
5b87a30921801de564f0c83a24076f54,1,1,0.9866666666666667
419a41537346b02f27486eda330487ac,1,1,0.9866666666666667
7e3cc2a0bcc05c25787251527e7b7a10,1,1,0.9866666666666667
3334d1b71c03ca9f94e9f59bb1fdd74e,1,1,0.9866666666666667
40567def6eb2a996cfb1f83cd66c7f20,1,1,0.9866666666666667
2e5e875e7e3cbcabc0fe1e8f6486007a,1,1,0.9866666666666667
3140a3b92e1d32403e1f32cf3745c7eb,1,1,0.9866666666666667
890431bde34093ab5afb2e604efef6ca,1,1,0.9866666666666667
fa9b8169107dbe1ad481721e4003684e,1,1,0.9866666666666667
dfb692b71601774e57994de1f3bcaa07,1,1,0.9866666666666667
9a57fa2ed649690ca712b2d9f2876c43,1,1,0.9866666666666667
3140a3b92e1d32403e1f32cf3745c7eb,1,1,0.9866666666666667
7aae966f5c8bdf5f1583279982bd4939,1,1,0.9866666666666667
40c46714eda35ebe15d64df67750143f,1,1,0.9866666666666667
b1b26f433f3b958baff1454b2151c492,1,1,0.9866666666666667
7fdc674efe1ac1008ff401a569fa5e2d,1,1,0.9866666666666667
a3cb667e08db78e87c9dbd101928ef08,1,1,0.9866666666666667
eb5163da4e79d2026ad498a7f210c3d6,1,1,0.9866666666666667
9e3babf2eb63ca2c46b046e27382c17c,1,1,0.9866666666666667
aacd2e56e7c73d00911c86fff950c3fc,1,1,0.9866666666666667
964982e9282cde9d55ae35168f31ab26,1,1,0.9866666666666667
e57978eba75a81d4f8fad02431c7c33c,1,1,0.9866666666666667
b1b26f433f3b958baff1454b2151c492,1,1,0.9866666666666667
d1517ceb5c3afdfd31e667b519c47508,1,1,0.9866666666666667
04ba41678efb2add33afff9de4485129,1,1,0.9866666666666667
c525fcb0860e5705d37743f5b5cadbfe,1,1,0.9866666666666667
99c66d15316645b26c8e29b3b1d886c3,1,1,0.9866666666666667
c708debd9eabf1f53f459e3542fb9e51,1,1,0.9866666666666667
d1177ed9a04476a1fb40c205ae432dd8,1,1,0.9866666666666667
142edc11636f47050629bed7f19560a6,1,1,0.9866666666666667
2e5e875e7e3cbcabc0fe1e8f6486007a,1,1,0.9866666666666667
f65790bf8f9fc0f102c8ba8807840e53,1,1,0.9866666666666667
ff0ba14787dc2cd65362db505bc41404,1,1,0.9866666666666667
bdd00a99c7708acce617038ca7329102,1,1,0.9866666666666667
c7c40f0696715b59e0317cba0a967fe6,1,1,0.9866666666666667
e39fde64d8a67b1906b8c6502895edbc,1,1,0.9866666666666667
0ab9078401445772f60ced0a8241e160,1,1,0.9866666666666667
44980d754d567bfe4bb0bad7a203ad21,1,1,0.9866666666666667
ccea5b8fe550112160b9e0020c7def9d,1,1,0.9866666666666667
34c2ad7336165634edbeb11063758bf4,1,1,0.9866666666666667
0aac0fc63347f6955f71ce8bd2332dd9,1,1,0.9866666666666667
8fbf1960ad3a3d712ab35f970f3d6c57,1,1,0.9866666666666667
88e83f21dd746084f1def555f9c39a72,1,1,0.9866666666666667
6a34b0a85d31e84d251f9a1fbc3b1722,1,1,0.9866666666666667
0c6cd9e51d6ac4742179ccdb51277f53,1,1,0.9866666666666667
20e5272b26cfd86ffcae788c794f02b6,1,1,0.9866666666666667
15a54792a417a5808724558d934bc87c,1,1,0.9866666666666667
1744f52fb0db4010367930d448a476f8,1,1,0.9866666666666667
464ee5e80464cc3fb09b449cd8e5734f,1,1,0.9866666666666667
871e07e793687f578365400c6f98600d,1,1,0.9866666666666667
7530fd46f549a15191fabbebf597e20b,1,1,0.9866666666666667
f981367f0dcf2bd452f5a91d3db3db3c,1,1,0.9866666666666667
89429ee1e0b835b19cf402489c7aaee4,1,1,0.9866666666666667
6624ff016e9d21890a51b4091b3006c7,1,1,0.9866666666666667
7cd247215decfbd9f8f64874defb4910,1,1,0.9866666666666667
5770d7dfa8b7e9951c0d100a53477f3d,1,1,0.9866666666666667
e49f36bbfd176a5c0d6f4c7bbf5ee3cc,1,1,0.9866666666666667
fa9b8169107dbe1ad481721e4003684e,1,1,0.9866666666666667
1fd3974f7ba0b35891fcfeb102a42f64,1,1,0.9866666666666667
33322c9e115b8a926aff99dd397bbfda,1,1,0.9866666666666667
4bc8ad8f71833547ef7cfe348bbeaebb,1,1,0.9866666666666667
40567def6eb2a996cfb1f83cd66c7f20,1,1,0.9866666666666667
6ff6beff91f0b8dbbd9fb14540d3ea17,1,1,0.9866666666666667
d1517ceb5c3afdfd31e667b519c47508,1,1,0.9866666666666667
4a552ac63e988d689580557858c18ef9,1,1,0.9866666666666667
454c2113261d02bbed810aec59ddabea,1,1,0.9866666666666667
7361214ac450e48964193c72385c7178,1,1,0.9866666666666667
0ec1e9e03287b0ad58e8711b400249be,1,1,0.9866666666666667
1575921521ccb53a9d28e1c7d014f9e5,1,1,0.9866666666666667
d74c00d93847e81d6773d0577f31867c,1,1,0.9866666666666667
6ff6beff91f0b8dbbd9fb14540d3ea17,1,1,0.9866666666666667
3f6f3017a6c7f1ecefaa56fe89539e53,1,1,0.9866666666666667
c708debd9eabf1f53f459e3542fb9e51,1,1,0.9866666666666667
beda9321247f3bf9f213cd0c972f3bb9,1,1,0.9866666666666667
8b0043e42290a695e99fcfe09e9ef303,1,1,0.9866666666666667
a989ea2f3b2a6c53557d6414eb75c37c,1,1,0.9866666666666667
b8ff9f1d201b7947078be7c4a697b548,1,1,0.9866666666666667
0827495b5910491ba8dab860fb04f6e8,1,1,0.9866666666666667
8296b0b72e5532aeae910f884432b8e5,1,1,0.9866666666666667
3a87d3a5e072651a8382b23023e5dc6c,1,1,0.9866666666666667
7ef9708bbe097445f0571a4ff57b482d,1,1,0.9866666666666667
9e701eec3a87284d0831360628bcfcac,1,1,0.9866666666666667
878aa7974a5fbd02769835d05f6f09ce,1,1,0.9866666666666667
9a09c8c287e391dfcb16f22810ba13cb,1,1,0.9866666666666667
15a54792a417a5808724558d934bc87c,1,1,0.9866666666666667
890431bde34093ab5afb2e604efef6ca,1,1,0.9866666666666667
9d010a71c976a60095791dc53ab4ff08,1,1,0.9866666666666667
eb5163da4e79d2026ad498a7f210c3d6,1,1,0.9866666666666667
4db39862fb360df58c377b66ee5a5ebc,1,1,0.9866666666666667
1a172b1bac614d36a1a13253028f2ba4,1,1,0.9866666666666667
4aa15142819f8512555b25028e0e241b,1,1,0.9866666666666667
dfb692b71601774e57994de1f3bcaa07,1,1,0.9866666666666667
baa1074b6946d1b048f62b4ebd15f372,1,1,0.9866666666666667
0b3d95ca425ff5b3aaa247d33de900bb,1,1,0.9866666666666667
c2c6f4f465a1f9afb51d75208e9927dd,1,1,0.9866666666666667
a3cb667e08db78e87c9dbd101928ef08,1,1,0.9866666666666667
97df38fac848925d207d70cb123ab52a,1,1,0.9866666666666667
a989ea2f3b2a6c53557d6414eb75c37c,1,1,0.9866666666666667
c1f04a31417a71916effd3a4efd26e19,1,1,0.9866666666666667
95cc139b4f934f1e5a04378934d44598,1,1,0.9866666666666667
5b87a30921801de564f0c83a24076f54,1,1,0.9866666666666667
a1ca45c415e212f35abf4a88e726b347,1,1,0.9866666666666667
2e426bf060ac8801f6a1198bc5c27624,1,1,0.9866666666666667
4c61ba19603e513486f1a5353cb59ebb,1,1,0.9866666666666667
11848e1ced4f1641e66d48a855a6dc31,1,1,0.9866666666666667
1744f52fb0db4010367930d448a476f8,1,1,0.9866666666666667
a989ea2f3b2a6c53557d6414eb75c37c,1,1,0.9866666666666667
14cc98fea7979ce8be2497f10789c6e5,1,1,0.9866666666666667
9e3babf2eb63ca2c46b046e27382c17c,1,1,0.9866666666666667
7ac3d93d8e8a9f5c78ee9e9dbd8fc609,1,1,0.9833333333333333
5cf7e64ffa16fe299554009d9f7ca327,1,1,0.9833333333333333
a1ca45c415e212f35abf4a88e726b347,1,1,0.9833333333333333
6ff6beff91f0b8dbbd9fb14540d3ea17,1,1,0.9833333333333333
3d78bfdc98f859ab92bd93ee7eab29ae,1,1,0.9833333333333333
3778d6ab40763ed13bb281bd32f77394,1,1,0.9833333333333333
62bce5efaf4e21e7e8741037c9e366a3,1,1,0.9833333333333333
316c9ad01bbeecb739d86397c95e2f40,1,1,0.9833333333333333
b214b5077e7e5723e369cfa4c1311076,1,1,0.9833333333333333
36a06865c50ed1bd688b7e83b8d4aa2d,1,1,0.9833333333333333
5cf7e64ffa16fe299554009d9f7ca327,1,1,0.9833333333333333
8e6611c7e3c5df0ddd1c979488737e43,1,1,0.9833333333333333
e7d825a60a4bd713464e4269ee19d8c4,1,1,0.9833333333333333
05c509cd5bbbdab1985886374259b42f,1,1,0.9833333333333333
3d78bfdc98f859ab92bd93ee7eab29ae,1,1,0.9833333333333333
0908c365d6d898eb8638f222f6ef101a,1,1,0.9833333333333333
8df55a7c337dd82b2efd73ee2f160c56,1,1,0.9833333333333333
505773ff545592706a5285ef6697ce80,1,1,0.9833333333333333
c31affc17e4e629da2a0ee488fe04ff6,1,1,0.9833333333333333
38d62a1667e87f306b30f6296035b812,1,1,0.9833333333333333
edf9b00e045a09a3a6d322ef95914ead,1,1,0.9833333333333333
fc1109847dbb7451332281217eb5e8cf,1,1,0.9833333333333333
38d62a1667e87f306b30f6296035b812,1,1,0.9833333333333333
3d78bfdc98f859ab92bd93ee7eab29ae,1,1,0.9833333333333333
a1aa1e10e9cf0d2453ad1d85b1b011fd,1,1,0.9833333333333333
05c509cd5bbbdab1985886374259b42f,1,1,0.9833333333333333
5f37dc339ab4fc7bccb553113514200c,1,1,0.9833333333333333
a81a3d6efae8a0a620852d20898950b9,1,1,0.9833333333333333
f7c0f00348a6bf3228ffa2dd60433550,1,1,0.9833333333333333
e7d825a60a4bd713464e4269ee19d8c4,1,1,0.9833333333333333
42b48827d5143d0300db356f77e109d1,1,1,0.9833333333333333
036f1ed168a5e802c7d81ce1b2f463d5,1,1,0.9833333333333333
3d7e9132d30f5e86737a7563d48281f2,1,1,0.9833333333333333
4640add258927798f8a9c49442431a1e,1,1,0.9833333333333333
508beb36132287cf87665b22110593a5,1,1,0.9833333333333333
ed9a1f060cfbb9169735642ce32ea094,1,1,0.9833333333333333
376e9f2141d4b0fd033735e086e92560,1,1,0.9833333333333333
9d010a71c976a60095791dc53ab4ff08,1,1,0.9833333333333333
35b2497885b429034b74e89789371626,1,1,0.9833333333333333
249ff7ee27ad3df2b10f8f55e5522d74,1,1,0.9833333333333333
98f33082dac5aa76ed32584923c2312b,1,1,0.9833333333333333
0908c365d6d898eb8638f222f6ef101a,1,1,0.9833333333333333
d2b668f70a0669747f1037ba9f684c70,1,1,0.9833333333333333
69b784937de36870249214ef0d31ea58,1,1,0.9833333333333333
88dd9f44ea30eee07fbd850bc7322c02,1,1,0.9833333333333333
798d037b21f9ad176b956f6180c572dc,1,1,0.9833333333333333
70928f7ba4a45d94bc2add22d3a96806,1,1,0.9833333333333333
4c61ba19603e513486f1a5353cb59ebb,1,1,0.9833333333333333
60e7f0506d2b639bcf9720c7a2993651,1,1,0.9833333333333333
505773ff545592706a5285ef6697ce80,1,1,0.9833333333333333
ed9a1f060cfbb9169735642ce32ea094,1,1,0.9833333333333333
71baed2fcd7c603735a86c22bc71fb8a,1,1,0.9833333333333333
249ff7ee27ad3df2b10f8f55e5522d74,1,1,0.9833333333333333
e7d825a60a4bd713464e4269ee19d8c4,1,1,0.9833333333333333
31b20b15755dc71378831eede0f3f1fd,1,1,0.9833333333333333
f65790bf8f9fc0f102c8ba8807840e53,1,1,0.9833333333333333
48de6cc1e41282db33e52198b097a789,1,1,0.9833333333333333
b29d6c1439245c7c817c69a03f9dd641,1,1,0.9833333333333333
7ac3d93d8e8a9f5c78ee9e9dbd8fc609,1,1,0.9833333333333333
6ff6beff91f0b8dbbd9fb14540d3ea17,1,1,0.9833333333333333
0144f26abd8ff2c687c293ebb5ad885f,1,1,0.9833333333333333
44980d754d567bfe4bb0bad7a203ad21,1,1,0.9833333333333333
fde96e863acc927ca51d165c3e3bf987,1,1,0.9833333333333333
d2b668f70a0669747f1037ba9f684c70,1,1,0.9833333333333333
2d2323174a489751dedef1bc0486eb4c,1,1,0.9833333333333333
dfb692b71601774e57994de1f3bcaa07,1,1,0.9833333333333333
c31affc17e4e629da2a0ee488fe04ff6,1,1,0.9833333333333333
4fb528b672bc41ab7d41f7f89514b6ba,1,1,0.9833333333333333
8ce3508347bc473ff87febfc48be1079,1,1,0.9833333333333333
83c01b293dcb80749ac216664d072236,1,1,0.9833333333333333
b5520995cab34546dada35921506a1f8,1,1,0.9833333333333333
44980d754d567bfe4bb0bad7a203ad21,1,1,0.9833333333333333
c7c40f0696715b59e0317cba0a967fe6,1,1,0.9833333333333333
3ac5d34c8a92efa7cb3b2709731fc7d7,1,1,0.9833333333333333
3778b06d17f0e8493f6f427541459edb,1,1,0.9833333333333333
225d34b17c8d3dacb3c99de0140b65e6,1,1,0.9833333333333333
3ac5d34c8a92efa7cb3b2709731fc7d7,1,1,0.9833333333333333
b1b567964290e0d30ccf93bcae19f83a,1,1,0.9833333333333333
337c8019d66fa6bde9350e885b5b4c2d,1,1,0.9833333333333333
225d34b17c8d3dacb3c99de0140b65e6,1,1,0.9833333333333333
bd90292fee2e0feaffcf48cfd508a29a,1,1,0.9833333333333333
b28e525de5e0060830978f9a6c9574cd,1,1,0.9833333333333333
c6377f33a599394a4c87a3a68df7b75c,1,1,0.9833333333333333
a1ca45c415e212f35abf4a88e726b347,1,1,0.9833333333333333
98f33082dac5aa76ed32584923c2312b,1,1,0.9833333333333333
05c509cd5bbbdab1985886374259b42f,1,1,0.9833333333333333
24aa6f1ce155e2921ca48129762d967b,1,1,0.9833333333333333
5e23aebe90eb403ebda6bc61e220cd61,1,1,0.9833333333333333
b1b567964290e0d30ccf93bcae19f83a,1,1,0.9833333333333333
062aa8d3989518f7ffaa4160fc39a11f,1,1,0.9833333333333333
910ad98f0119d5177f58bd88f5629233,1,1,0.9833333333333333
b77fb4ff8b89e53414ff96c74e532053,1,1,0.9833333333333333
38f6db63f2240230f9607710b0ee6b5c,1,1,0.9833333333333333
b8973a8bbecf8bc33ccb2168c90ac2c0,1,1,0.9833333333333333
24aa6f1ce155e2921ca48129762d967b,1,1,0.9833333333333333
71baed2fcd7c603735a86c22bc71fb8a,1,1,0.9833333333333333
490c26046bae1b6468cfdbd769f5062f,1,1,0.9833333333333333
c1f04a31417a71916effd3a4efd26e19,1,1,0.9833333333333333
0144f26abd8ff2c687c293ebb5ad885f,1,1,0.9833333333333333
6b9aab83e063aebcb9ce6ebb05feed7f,1,1,0.9833333333333333
062aa8d3989518f7ffaa4160fc39a11f,1,1,0.9833333333333333
c1f04a31417a71916effd3a4efd26e19,1,1,0.9833333333333333
001cb880d847a0b63b404a48e50aec17,1,1,0.9833333333333333
3ca83d75906d1436bc92bf48ad8f16b8,1,1,0.9833333333333333
34ac6e349a9a3c7a3ee1058d8a2320b2,1,1,0.9833333333333333
ab07311332ad017c071947aa1747bf9e,1,1,0.9833333333333333
255a0c25457195ddaa52c7cb4091faff,1,1,0.9833333333333333
9a39fa20b96f9cd9a47db6e6c327fc01,1,1,0.9833333333333333
a17f13e872b4e91523e2f868db5fdce7,1,1,0.9833333333333333
508beb36132287cf87665b22110593a5,1,1,0.9833333333333333
108f8c26c5122258cbfb20ae05771c9a,1,1,0.9833333333333333
9d45acea5954ab7153612d8411a5a69a,1,1,0.9833333333333333
82c01084937ed8a36f8cefb9daf84da4,1,1,0.9833333333333333
0908c365d6d898eb8638f222f6ef101a,1,1,0.9833333333333333
473d5aec02034e5dd02eff05da5821cb,1,1,0.9833333333333333
a34003d2123553e8ce4b205f180febf8,1,1,0.9833333333333333
7ac3d93d8e8a9f5c78ee9e9dbd8fc609,1,1,0.9833333333333333
3444bdce896df166abf6c3fb17e532d0,1,1,0.9833333333333333
53e06dc6584f7badabb9726d0c875c43,1,1,0.9833333333333333
840a9d67e3492d37103d2a82fe72715f,1,1,0.9833333333333333
9661b76e09f71b82e495315ce6f73ba9,1,1,0.9833333333333333
a3b4e569c31731e860428f644bd49038,1,1,0.9833333333333333
f7c0f00348a6bf3228ffa2dd60433550,1,1,0.9833333333333333
490c26046bae1b6468cfdbd769f5062f,1,1,0.9833333333333333
5cf7e64ffa16fe299554009d9f7ca327,1,1,0.9833333333333333
3778d6ab40763ed13bb281bd32f77394,1,1,0.9833333333333333
36a06865c50ed1bd688b7e83b8d4aa2d,1,1,0.9833333333333333
62bce5efaf4e21e7e8741037c9e366a3,1,1,0.9833333333333333
b59e36cd4db55e60a07c642a369a59eb,1,1,0.9833333333333333
6a25a0c1c8b328666f4b4965a7d98283,1,1,0.9833333333333333
a34003d2123553e8ce4b205f180febf8,1,1,0.9833333333333333
983dde03b2916c466d4bef0b81b3b752,1,1,0.9833333333333333
ac08f96bce780744a56117bc31c5dab1,1,1,0.9833333333333333
6b9aab83e063aebcb9ce6ebb05feed7f,1,1,0.9833333333333333
b59e36cd4db55e60a07c642a369a59eb,1,1,0.9833333333333333
eff247a9148e243ea20da5e43232ca27,1,1,0.9833333333333333
798d037b21f9ad176b956f6180c572dc,1,1,0.9833333333333333
840a9d67e3492d37103d2a82fe72715f,1,1,0.9833333333333333
2439cff68d544f3219af8b2313dc8d07,1,1,0.9833333333333333
36a06865c50ed1bd688b7e83b8d4aa2d,1,1,0.9833333333333333
5245cdcf1377c6d5b7aabe02a9f5ccb1,1,1,0.9833333333333333
6c7b3c1f0b7c5bba7fbe34f85b900e90,1,1,0.9833333333333333
bb601acdc51af77a1efe47cdda0af45b,1,1,0.9833333333333333
e7d825a60a4bd713464e4269ee19d8c4,1,1,0.9833333333333333
272602a26c90508b455a691e72dad8b6,1,1,0.9833333333333333
376e9f2141d4b0fd033735e086e92560,1,1,0.9833333333333333
6ff6beff91f0b8dbbd9fb14540d3ea17,1,1,0.9833333333333333
87efca429c3ae2ba204db4577a8ae26a,1,1,0.9833333333333333
87efca429c3ae2ba204db4577a8ae26a,1,1,0.9833333333333333
3ac5d34c8a92efa7cb3b2709731fc7d7,1,1,0.9833333333333333
f65790bf8f9fc0f102c8ba8807840e53,1,1,0.9833333333333333
55cccfafc260bf75d27ebceddd631808,1,1,0.9833333333333333
afe3670367f9981ff57785a43981519d,1,1,0.9833333333333333
2439cff68d544f3219af8b2313dc8d07,1,1,0.9833333333333333
55cccfafc260bf75d27ebceddd631808,1,1,0.9833333333333333
c42f9305d0066881f9380d3c7a1a665c,1,1,0.9833333333333333
82c01084937ed8a36f8cefb9daf84da4,1,1,0.9833333333333333
108f8c26c5122258cbfb20ae05771c9a,1,1,0.9833333333333333
5e23aebe90eb403ebda6bc61e220cd61,1,1,0.9833333333333333
c31affc17e4e629da2a0ee488fe04ff6,1,1,0.9833333333333333
aa8cd53acfef02f73bb7b6d87ab1fe03,1,1,0.98
3c7e4213e5d5f7c1d65d18146cda7ecd,1,1,0.98
0f35ddecc6f235dcf07fb5a8edefc298,1,1,0.98
f2a27f4a3678f451be931d1d74c4b8dd,1,1,0.98
0827495b5910491ba8dab860fb04f6e8,1,1,0.98
c1ef2d14e3216e1f6cd275d80b51f4a8,1,1,0.98
ef1471bffdfcd60ab1950e63f46c520e,1,1,0.98
cbf920f080202ac9f92ec8297bc022db,1,1,0.98
c67df177a4cdfd302ed63f4511fe1c46,1,1,0.98
48cd821867e768dd376da9fa9b9a3063,1,1,0.98
0827495b5910491ba8dab860fb04f6e8,1,1,0.98
9abc34ceb3bf616600f1f3ed012c85db,1,1,0.98
6624ff016e9d21890a51b4091b3006c7,1,1,0.98
a62bc4d86ac31ec3fb2687edcc93c674,1,1,0.98
71c515bff34dba0f4f944a7e930c1497,1,1,0.98
b380ff7161e1f42c4a59d7fd7de75e29,1,1,0.98
c9a1ad214f3512f1f680e87db2f2695a,1,1,0.98
d8e589d515b7c905bb73eece1d8781d8,1,1,0.98
0f4d8f76a8dbbfe39f5f26ae91a3b3ae,1,1,0.98
376e9f2141d4b0fd033735e086e92560,1,1,0.98
0f4d8f76a8dbbfe39f5f26ae91a3b3ae,1,1,0.98
f1d78e867b71033aa8172c60e56c76be,1,1,0.98
62e2a25abfc3a447996984ab9c3452b2,1,1,0.98
9569006b45973a8ca5b9deee58d262ba,1,1,0.98
6624ff016e9d21890a51b4091b3006c7,1,1,0.98
afb737546d35b3efbf00a216002e9583,1,1,0.98
f384f2d7e191cd58d39439414747e93e,1,1,0.98
2305de069028e391139c3cf799b38b13,1,1,0.98
c7eed56e3e87e0ce71d9a217448b6ae8,1,1,0.98
c32ac7d4d65333f13bc4f2d15fa1b878,1,1,0.98
1aa498825382410b098937d65c4ec26d,1,1,0.98
f1f24e9f048478c6d41fa05795b1d424,1,1,0.98
137a685dcfba3bf8f693a287cd4c3954,1,1,0.98
2a018d187aaf3c584d3782ff71c55282,1,1,0.98
c34c5a97c1592a5f44fe84a968d88ad5,1,1,0.98
e20bce98ad9d54099742e4c7a707357d,1,1,0.98
55beb156f24ed554734c648a847d29c6,1,1,0.98
241af94120dad5313754b3efe25d1447,1,1,0.98
09714ef40ce5aa15e2f49db225abc80b,1,1,0.98
337c8019d66fa6bde9350e885b5b4c2d,1,1,0.98
aef79ff04e0c1e0af1f028428060a5c4,1,1,0.98
a539fff6fc49cc4ff6dc3e6d882bd0ec,1,1,0.98
202d44e1ad2186be341aa8a37486a0a4,1,1,0.98
1a48dbd5cc49dc74542bd008a684e247,1,1,0.98
e6d3e167553eacb547df384439ce933a,1,1,0.98
6b9aab83e063aebcb9ce6ebb05feed7f,1,1,0.98
82d8e6c356fa8123b93b185b706b870b,1,1,0.98
6e5583f17be17cbcabde370fca27bd48,1,1,0.98
782d072e7b10d8447b4f8b2dd23cab7c,1,1,0.98
d9d0d5a7dc08a52c1d15aacf9f06dfe0,1,1,0.98
180e0bfb537a95ed3b78f50b7229d698,1,1,0.98
6716ccc42eeab60171509bb37bf19a5f,1,1,0.98
e4d93537221f6eef070b795dc19de422,1,1,0.98
31cc2f42253b0aa817ce826d11439478,1,1,0.98
aacd2e56e7c73d00911c86fff950c3fc,1,1,0.98
d5711656692a07151db05e0b0d18168d,1,1,0.98
afe3670367f9981ff57785a43981519d,1,1,0.98
62e2a25abfc3a447996984ab9c3452b2,1,1,0.98
286ee216d2b26dad6ea8eb9c6e988bbc,1,1,0.98
8ce3508347bc473ff87febfc48be1079,1,1,0.98
241af94120dad5313754b3efe25d1447,1,1,0.98
98a88e6319172bbdc3a1eed5ee4d71c6,1,1,0.98
4e34dae266719bc7e2e477b24435d77e,1,1,0.98
796b3042cf4de32c9f963e5daa3fa672,1,1,0.98
91f4cd1854ebbee81d51e6c0be83d7be,1,1,0.98
c0776621cd2c6c8ae4a2fe26e52ef3da,1,1,0.98
027312804aa9086a236916bd468ff6c4,1,1,0.98
f1f24e9f048478c6d41fa05795b1d424,1,1,0.98
7a3612b5d7e5ff4d72a6fbf12813b06c,1,1,0.98
bd3d84bd4f01485df6d38d1bafb1a137,1,1,0.98
91f4cd1854ebbee81d51e6c0be83d7be,1,1,0.98
8aab9ae127bd3ff31300829efb2fc6e1,1,1,0.98
d11540abe0b8b53ad5e17e73bd5565dd,1,1,0.98
14cc98fea7979ce8be2497f10789c6e5,1,1,0.98
62e2a25abfc3a447996984ab9c3452b2,1,1,0.98
c67df177a4cdfd302ed63f4511fe1c46,1,1,0.98
24011ae4ebbe3035111d65fa7c15bc57,1,1,0.98
8d905f2d46ba7372e1958b53180952c5,1,1,0.98
e20bce98ad9d54099742e4c7a707357d,1,1,0.98
6eb1187bc87596d62063d2c6db9e7768,1,1,0.98
8363c232e573649dac1c63cf49c5f799,1,1,0.98
3c7e4213e5d5f7c1d65d18146cda7ecd,1,1,0.98
ef1471bffdfcd60ab1950e63f46c520e,1,1,0.98
82d8e6c356fa8123b93b185b706b870b,1,1,0.98
1fd3974f7ba0b35891fcfeb102a42f64,1,1,0.98
94761506cb929002323c62bc46d9bddc,1,1,0.98
0c6cd9e51d6ac4742179ccdb51277f53,1,1,0.98
6eb1187bc87596d62063d2c6db9e7768,1,1,0.98
202d44e1ad2186be341aa8a37486a0a4,1,1,0.98
c432028774483fd81ab8df62f2e5a161,1,1,0.98
3b9a13b1ea7b1f66d66977ce98a69303,1,1,0.98
aacd2e56e7c73d00911c86fff950c3fc,1,1,0.98
fa2ac497e2e4a8ca4ac3ea2c3daeb7b6,1,1,0.98
796b3042cf4de32c9f963e5daa3fa672,1,1,0.98
f1d78e867b71033aa8172c60e56c76be,1,1,0.98
4e34dae266719bc7e2e477b24435d77e,1,1,0.98
afe3670367f9981ff57785a43981519d,1,1,0.98
55d3596801d13c1a8c53497bdc4f51fc,1,1,0.98
91f4cd1854ebbee81d51e6c0be83d7be,1,1,0.98
0b0da18e644bac389ba02ab23e1487ed,1,1,0.98
31b20b15755dc71378831eede0f3f1fd,1,1,0.98
b1b26f433f3b958baff1454b2151c492,1,1,0.98
8ce3508347bc473ff87febfc48be1079,1,1,0.98
f3b9b3cf681aef7c52da05361dba171d,1,1,0.98
06c30e6e38741a57204ba19d410228f9,1,1,0.98
b008f90d6e9f2decb1d794a8cef713bf,1,1,0.98
87698c3704c88f31077bcdc510a052e7,1,1,0.98
3096ecd5ad33ac5b74c7a790e6b0831c,1,1,0.98
d11540abe0b8b53ad5e17e73bd5565dd,1,1,0.98
796b3042cf4de32c9f963e5daa3fa672,1,1,0.98
0d70ae3a5e62d6bb95b9ab06255036e3,1,1,0.98
a539fff6fc49cc4ff6dc3e6d882bd0ec,1,1,0.98
05c7abf4a204931c165edd76c4cc01ea,1,1,0.98
f294d389400a141140dd1cb57fac6442,1,1,0.98
f3b9b3cf681aef7c52da05361dba171d,1,1,0.98
20b0e859d6badf5ceabadca050542149,1,1,0.98
c9a1ad214f3512f1f680e87db2f2695a,1,1,0.98
c0776621cd2c6c8ae4a2fe26e52ef3da,1,1,0.98
fa9f0b5bc500ba23008fc9d74e3788f0,1,1,0.98
9eddd8e76ba40ee90fb3c0cf16fb2d0b,1,1,0.98
55beb156f24ed554734c648a847d29c6,1,1,0.98
ef1471bffdfcd60ab1950e63f46c520e,1,1,0.98
55d3596801d13c1a8c53497bdc4f51fc,1,1,0.98
796b3042cf4de32c9f963e5daa3fa672,1,1,0.98
a62bc4d86ac31ec3fb2687edcc93c674,1,1,0.98
b1c7d6a823892cc6127ebf31ec0f0ab9,1,1,0.98
961b3cb6888550c4c821def60aa5c32f,1,1,0.98
aacd2e56e7c73d00911c86fff950c3fc,1,1,0.98
86379ba7801a9028e6cc903566d8fbdc,1,1,0.98
04a569f03e117dd452062773263bb7ec,1,1,0.98
77ebcb9d33152ed6f28e5b54c5057b23,1,1,0.98
55beb156f24ed554734c648a847d29c6,1,1,0.98
11c71090b118194cea76b49872ce7152,1,1,0.98
e4d93537221f6eef070b795dc19de422,1,1,0.98
376e9f2141d4b0fd033735e086e92560,1,1,0.98
796b3042cf4de32c9f963e5daa3fa672,1,1,0.98
d11540abe0b8b53ad5e17e73bd5565dd,1,1,0.98
e92cbeb8f34c266eabecd9055abf4961,1,1,0.9766666666666667
b214b5077e7e5723e369cfa4c1311076,1,1,0.9766666666666667
1da648eec1f80913f61e4c3ce9d5c1e3,1,1,0.9766666666666667
acc2472a72aaf758bb2d3831b4efb94e,1,1,0.9766666666666667
dfcb34027b62eebf1493db56a0eaa906,1,1,0.9766666666666667
5170ee46304a1d825450fd23977f5147,1,1,0.9766666666666667
f7c8c026539ab46f70a77f30efb292ba,1,1,0.9766666666666667
9f6aa89b4d15b6b60062a51a6b56698d,1,1,0.9766666666666667
c34c5a97c1592a5f44fe84a968d88ad5,1,1,0.9766666666666667
55ebaf77fe25a424b4c4dda1824c5bad,1,1,0.9766666666666667
2b0f17a2151d914ce7180cc56ef62ff5,1,1,0.9766666666666667
12a495005bfe4c6a52d78d4a14493349,1,1,0.9766666666666667
b02445a0227097aa55107f8c9ec27c2d,1,1,0.9766666666666667
0f422cf5911e5d08e168cdfea3c41267,1,1,0.9766666666666667
12a495005bfe4c6a52d78d4a14493349,1,1,0.9766666666666667
5170ee46304a1d825450fd23977f5147,1,1,0.9766666666666667
935b1b402d76b761bbb34e6e89206c48,1,1,0.9766666666666667
44e826a55734d0ca5eeafcae0e991a75,1,1,0.9766666666666667
c3226d0d236d299e086dc2219dfe326d,1,1,0.9766666666666667
9ba1dfccc2ca9420c8c0c38ea8ee7e40,1,1,0.9766666666666667
d09862e29e7f6cf63ea7039171b27132,1,1,0.9766666666666667
bda3fd6fe8abae1e19bd8385f58886e8,1,1,0.9766666666666667
44abdc0582ca8c1ea1babd3e9e8aaf2d,1,1,0.9766666666666667
acc2472a72aaf758bb2d3831b4efb94e,1,1,0.9766666666666667
8f90f9963e8abb153f57bcfa4e7fdf38,1,1,0.9766666666666667
44abdc0582ca8c1ea1babd3e9e8aaf2d,1,1,0.9766666666666667
64c0083346b6cb74cd7e13804acdb0fe,1,1,0.9766666666666667
80f4f8ca43bd0a09023eeea121bbc7b5,1,1,0.9766666666666667
c34c5a97c1592a5f44fe84a968d88ad5,1,1,0.9766666666666667
c9c069708535084ed251ff72ebb1b197,1,1,0.9766666666666667
ed56acbf1db880d932004d626fb3363f,1,1,0.9766666666666667
a5269bcab8d383e4fe484889abf43dfd,1,1,0.9766666666666667
5d9b6f69b7da31dc3456cb45a4005116,1,1,0.9766666666666667
b29d6c1439245c7c817c69a03f9dd641,1,1,0.9766666666666667
8016b4fe68b661e201b0eb6daafdbdeb,1,1,0.9766666666666667
482055779013f848184fef0f80c8c868,1,1,0.9766666666666667
ed56acbf1db880d932004d626fb3363f,1,1,0.9766666666666667
906cd38e249f4a44998318309c97953b,1,1,0.9766666666666667
3b75ab08a3e56e8f45efb219a7d7f18d,1,1,0.9766666666666667
d31effda58494d3fe2679ee026272e23,1,1,0.9766666666666667
6b985a019ecb5539a7942b0ec1f00925,1,1,0.9766666666666667
753dea286492261321d24946306a6dca,1,1,0.9766666666666667
935b1b402d76b761bbb34e6e89206c48,1,1,0.9766666666666667
e973e961dc70bd3bbcdc8f2ccbbdc767,1,1,0.9766666666666667
d31effda58494d3fe2679ee026272e23,1,1,0.9766666666666667
fa8b506f776c2ad679387de46eedd197,1,1,0.9766666666666667
ac08f96bce780744a56117bc31c5dab1,1,1,0.9766666666666667
2c2ff2f66da9433f98673c23526e8b3d,1,1,0.9766666666666667
78e54b326594401c732fc2ace4e40636,1,1,0.9766666666666667
187c11a5cfd44cb9d003e695472dab4d,1,1,0.9766666666666667
c06993f3be39df857b3e0c3c397468fb,1,1,0.9766666666666667
37a80811e8181d1f8fe1a0321a372021,1,1,0.9766666666666667
6894e2b3b43a3347649392702fb84fcd,1,1,0.9766666666666667
865b6cbe9e28575d9caa8b2dfbee8130,1,1,0.9766666666666667
077e51842eea4559c261496222583b21,1,1,0.9766666666666667
ac08f96bce780744a56117bc31c5dab1,1,1,0.9766666666666667
44abdc0582ca8c1ea1babd3e9e8aaf2d,1,1,0.9766666666666667
f9fc8c8f8721e14b5af6b69b21a8b171,1,1,0.9766666666666667
8016b4fe68b661e201b0eb6daafdbdeb,1,1,0.9766666666666667
56f6f134169373aec1eb37a3618b9baf,1,1,0.9766666666666667
d5ff3202e8e3bf0a4a0e088313341fef,1,1,0.9766666666666667
d09862e29e7f6cf63ea7039171b27132,1,1,0.9766666666666667
6e81546787e3f5bdecd242b167355a52,1,1,0.9766666666666667
9a56c10857954d7a8cff0f854337b3ee,1,1,0.9766666666666667
7590deb8871805e433f52e8acfc0225e,1,1,0.9766666666666667
e0a754354489e3eadc2cf5518fc883d3,1,1,0.9766666666666667
9a56c10857954d7a8cff0f854337b3ee,1,1,0.9766666666666667
dfcb34027b62eebf1493db56a0eaa906,1,1,0.9766666666666667
8f90f9963e8abb153f57bcfa4e7fdf38,1,1,0.9766666666666667
37a80811e8181d1f8fe1a0321a372021,1,1,0.9766666666666667
983dde03b2916c466d4bef0b81b3b752,1,1,0.9766666666666667
ed56acbf1db880d932004d626fb3363f,1,1,0.9766666666666667
44e826a55734d0ca5eeafcae0e991a75,1,1,0.9766666666666667
1bb371ef8671b13e265942917f3679fc,1,1,0.9766666666666667
e973e961dc70bd3bbcdc8f2ccbbdc767,1,1,0.9766666666666667
865b6cbe9e28575d9caa8b2dfbee8130,1,1,0.9766666666666667
d09862e29e7f6cf63ea7039171b27132,1,1,0.9766666666666667
02f1bc2cf106817fb150c4e6a4c6592e,1,1,0.9766666666666667
e827a425f51e572ceb3b364ca9e9bf99,1,1,0.9766666666666667
7ac3d93d8e8a9f5c78ee9e9dbd8fc609,1,1,0.9766666666666667
55ebaf77fe25a424b4c4dda1824c5bad,1,1,0.9766666666666667
f7c8c026539ab46f70a77f30efb292ba,1,1,0.9766666666666667
906cd38e249f4a44998318309c97953b,1,1,0.9766666666666667
9e701eec3a87284d0831360628bcfcac,1,1,0.9766666666666667
d5711656692a07151db05e0b0d18168d,1,1,0.9766666666666667
6894e2b3b43a3347649392702fb84fcd,1,1,0.9766666666666667
02f1bc2cf106817fb150c4e6a4c6592e,1,1,0.9766666666666667
8a948d3a4da17a1cd6b5591da4b38131,1,1,0.9766666666666667
80f4f8ca43bd0a09023eeea121bbc7b5,1,1,0.9766666666666667
9bd7cc1ce2b4405ce9ad12e82683781f,1,1,0.9766666666666667
96161538374a6215cf0f34fd52857688,1,1,0.9766666666666667
935b1b402d76b761bbb34e6e89206c48,1,1,0.9766666666666667
70928f7ba4a45d94bc2add22d3a96806,1,1,0.9766666666666667
6894e2b3b43a3347649392702fb84fcd,1,1,0.9766666666666667
dc706f562e1e0fba2c5a7fe4fb4e4912,1,1,0.9766666666666667
8016b4fe68b661e201b0eb6daafdbdeb,1,1,0.9766666666666667
37a80811e8181d1f8fe1a0321a372021,1,1,0.9766666666666667
6c7b3c1f0b7c5bba7fbe34f85b900e90,1,1,0.9766666666666667
c34c5a97c1592a5f44fe84a968d88ad5,1,1,0.9766666666666667
17c0d9897c434e2df476e2a74405c644,1,1,0.9766666666666667
a81a3d6efae8a0a620852d20898950b9,1,1,0.9766666666666667
482055779013f848184fef0f80c8c868,1,1,0.9766666666666667
9ba1dfccc2ca9420c8c0c38ea8ee7e40,1,1,0.9766666666666667
02f1bc2cf106817fb150c4e6a4c6592e,1,1,0.9766666666666667
df336526b60c4e825690c1ebb3694e2b,1,1,0.9766666666666667
e0a754354489e3eadc2cf5518fc883d3,1,1,0.9766666666666667
ecfe69444a209b52896d1047c6521d32,1,1,0.9733333333333334
cc6592aad4e597f80e68e11b9f7bf917,1,1,0.9733333333333334
8f4e7a19532f618e29c4eacd5deb5937,1,1,0.9733333333333334
3140a3b92e1d32403e1f32cf3745c7eb,1,1,0.9733333333333334
8f4e7a19532f618e29c4eacd5deb5937,1,1,0.9733333333333334
622c0f6ee7e3320a31abacd7c0817b18,1,1,0.9733333333333334
cae24136e0d9549992c876c2c2020c98,1,1,0.9733333333333334
227d8b01b63ecad93fae3a2855f8b9cd,1,1,0.9733333333333334
8d0f37cb25ebffbc65a87a250b15d403,1,1,0.9733333333333334
ccf8681135019c532e08f6b112fafa5d,1,1,0.9733333333333334
437b009c0c4876f9c83faea0be0b600f,1,1,0.9733333333333334
ccf8681135019c532e08f6b112fafa5d,1,1,0.9733333333333334
d2d4a6a0f86ea2362f6aa18e94796716,1,1,0.9733333333333334
4be292f6faa5cb98266310d8b66ba7db,1,1,0.9733333333333334
4c9814d1069ebfb8d34cbb807ade2892,1,1,0.9733333333333334
3fbab5262fc2a28bfa258bccf2ef473a,1,1,0.9733333333333334
8f4e7a19532f618e29c4eacd5deb5937,1,1,0.9733333333333334
6f918b83d4a565c165a4ac842d724a2b,1,1,0.9733333333333334
38f74b5e64062383974302536ee10e74,1,1,0.9733333333333334
8860410a9a36845a4028ae49ecc2bf95,1,1,0.9733333333333334
86431925d0cdd9a83775efd50dd8d390,1,1,0.9733333333333334
cc6592aad4e597f80e68e11b9f7bf917,1,1,0.9733333333333334
b19e227a1f66d1a6eda99221d5ce5c9e,1,1,0.9733333333333334
f8c8d51ddda2fc95e32ee283a0d3c0d5,1,1,0.9733333333333334
01cde600c358e7761200e4ad4a249e70,1,1,0.9733333333333334
2896b84b66a3342e3f9c6a5b51c4e005,1,1,0.9733333333333334
18d1a75872e188fb748473e870625348,1,1,0.9733333333333334
6e81546787e3f5bdecd242b167355a52,1,1,0.9733333333333334
964982e9282cde9d55ae35168f31ab26,1,1,0.9733333333333334
bff37de18abdf0eac68d4f1d7937308a,1,1,0.9733333333333334
be732435968e4d66a3669b0fc98471de,1,1,0.9733333333333334
6a34b0a85d31e84d251f9a1fbc3b1722,1,1,0.9733333333333334
794c70a036e20671cd5a5ff60904ce82,1,1,0.9733333333333334
56f6f134169373aec1eb37a3618b9baf,1,1,0.9733333333333334
13f8bcf0ad9728be97d80f321191363d,1,1,0.9733333333333334
3fbab5262fc2a28bfa258bccf2ef473a,1,1,0.9733333333333334
18d1a75872e188fb748473e870625348,1,1,0.9733333333333334
3140a3b92e1d32403e1f32cf3745c7eb,1,1,0.9733333333333334
2896b84b66a3342e3f9c6a5b51c4e005,1,1,0.9733333333333334
9d9b57c99273891ac6ecc4becca612fc,1,1,0.9733333333333334
1252210fdcc5681b050c704f1a6b8df8,1,1,0.9733333333333334
01cde600c358e7761200e4ad4a249e70,1,1,0.9733333333333334
2896b84b66a3342e3f9c6a5b51c4e005,1,1,0.9733333333333334
b1eac2c0018a1aa3e1ee5c74f7061bea,1,1,0.9733333333333334
bff37de18abdf0eac68d4f1d7937308a,1,1,0.9733333333333334
b1eac2c0018a1aa3e1ee5c74f7061bea,1,1,0.9733333333333334
12291e37e9f72fdfc8bb547e7182b045,1,1,0.9733333333333334
4be292f6faa5cb98266310d8b66ba7db,1,1,0.9733333333333334
93a8d3a28204f980249ca9275a8ffa49,1,1,0.9733333333333334
6a34b0a85d31e84d251f9a1fbc3b1722,1,1,0.9733333333333334
4be292f6faa5cb98266310d8b66ba7db,1,1,0.9733333333333334
8f4e7a19532f618e29c4eacd5deb5937,1,1,0.9733333333333334
8860410a9a36845a4028ae49ecc2bf95,1,1,0.9733333333333334
0eba8e97263f508fd796a9a3bda1ad17,1,1,0.9733333333333334
16191ae9f4a669d7ed19f8263e0c7e66,1,1,0.9733333333333334
8860410a9a36845a4028ae49ecc2bf95,1,1,0.9733333333333334
da43f959735adb10b6c74ed4699c15eb,1,1,0.9733333333333334
59cb226549fc704df9053c9e3f363f80,1,1,0.9733333333333334
4fabe0f1c2db63a02dbc72b11643474c,1,1,0.9733333333333334
4be292f6faa5cb98266310d8b66ba7db,1,1,0.9733333333333334
fa7cc947a4e0abbc1f6cc7a2260ca907,1,1,0.9733333333333334
3fbab5262fc2a28bfa258bccf2ef473a,1,1,0.9733333333333334
7cb4391abc5dc511922e3d4a8ddec1e2,1,1,0.9733333333333334
93a8d3a28204f980249ca9275a8ffa49,1,1,0.9733333333333334
e4ede24770191fa99cd94e6ea4364ada,1,1,0.9733333333333334
b1eac2c0018a1aa3e1ee5c74f7061bea,1,1,0.9733333333333334
2896b84b66a3342e3f9c6a5b51c4e005,1,1,0.9733333333333334
7e3cc2a0bcc05c25787251527e7b7a10,1,1,0.9733333333333334
93647fcf3439497a3d0bc16b0fbb66dd,1,1,0.9733333333333334
4f561f978108d817988be804d214eb6a,1,1,0.9733333333333334
fa7cc947a4e0abbc1f6cc7a2260ca907,1,1,0.9733333333333334
16191ae9f4a669d7ed19f8263e0c7e66,1,1,0.9733333333333334
6515256fd4c3cbb94ec92f7f4213d923,1,1,0.9733333333333334
bd3d84bd4f01485df6d38d1bafb1a137,1,1,0.9733333333333334
18d1a75872e188fb748473e870625348,1,1,0.9733333333333334
336c3b8de4aaa7f3e7a20c79a6aaf1ed,1,1,0.9733333333333334
268a203425b1a34cdf630f5ed305a93c,1,1,0.9733333333333334
6f918b83d4a565c165a4ac842d724a2b,1,1,0.9733333333333334
93647fcf3439497a3d0bc16b0fbb66dd,1,1,0.9733333333333334
4b983f74728b1a7efc04fa33fd73c578,1,1,0.9733333333333334
7cb4391abc5dc511922e3d4a8ddec1e2,1,1,0.9733333333333334
71baed2fcd7c603735a86c22bc71fb8a,1,1,0.9733333333333334
fb2801f10a5f806f2197363718680a7c,1,1,0.9733333333333334
7cb4391abc5dc511922e3d4a8ddec1e2,1,1,0.9733333333333334
0658845de450c5cc1284fe85eb432010,1,1,0.9733333333333334
3a91f9ace68e9f493855af3215347d9a,1,1,0.97
4bae69a09e632eb6cd7b7dce31dfca89,1,1,0.97
bf89f2d8c1b133a134fd93603cb4c947,1,1,0.97
bf89f2d8c1b133a134fd93603cb4c947,1,1,0.97
b29d6c1439245c7c817c69a03f9dd641,1,1,0.97
c60599466a649b339f3cde045368d823,1,1,0.97
34c2ad7336165634edbeb11063758bf4,1,1,0.97
968fb911368fc589e3e343cad9ff2aad,1,1,0.97
9ec6d25ba28d4b02f267c71516756abc,1,1,0.97
98de006028be532c63dbaac84ad8bf40,1,1,0.97
83c1960e6c134d83eea36b929c7f3e86,1,1,0.97
062aa8d3989518f7ffaa4160fc39a11f,1,1,0.97
364d7d274ad745b8633ba175e91406e8,1,1,0.97
09bce9947d00f854b9f21232a79e7377,1,1,0.97
0f422cf5911e5d08e168cdfea3c41267,1,1,0.97
437b009c0c4876f9c83faea0be0b600f,1,1,0.97
2ea90186bcde75060f16a8c6dab7a80a,1,1,0.97
6515256fd4c3cbb94ec92f7f4213d923,1,1,0.97
968fb911368fc589e3e343cad9ff2aad,1,1,0.97
93f0049f7fbc3d534ba2005b17450337,1,1,0.97
f7c0f00348a6bf3228ffa2dd60433550,1,1,0.97
4db35277bb03e3f053d9db56af72168c,1,1,0.97
0ab9078401445772f60ced0a8241e160,1,1,0.97
e210d93c6956cecf27bbda79f1e6f7a2,1,1,0.97
79c96e236ea9e4cc8a560f3779049d08,1,1,0.97
b29d6c1439245c7c817c69a03f9dd641,1,1,0.97
0144f26abd8ff2c687c293ebb5ad885f,1,1,0.97
0ab9078401445772f60ced0a8241e160,1,1,0.97
79c96e236ea9e4cc8a560f3779049d08,1,1,0.97
11c71090b118194cea76b49872ce7152,1,1,0.97
98de006028be532c63dbaac84ad8bf40,1,1,0.97
e210d93c6956cecf27bbda79f1e6f7a2,1,1,0.97
0a1f947ce271cc7dae7ef9ca7f71f422,1,1,0.97
526d3b158cdb83222c42b7d60c3de553,1,1,0.97
0ab9078401445772f60ced0a8241e160,1,1,0.97
057b442dd9bdee2d0dd6ba5c40922df9,1,1,0.97
5b2523cb913d5019eb2cb426602285df,1,1,0.97
c4c28950d416338e07fb913d45de0607,1,1,0.97
c127235e54c43cb49bc64ea0fa330c2d,1,1,0.97
fc3de6b2dd08a6660d7ffcd88331b1db,1,1,0.97
c9a1ad214f3512f1f680e87db2f2695a,1,1,0.97
87efca429c3ae2ba204db4577a8ae26a,1,1,0.97
6556c853aa3703525ecaeaf3c59c381e,1,1,0.97
7fbc0bf4c676cd806e56c5ca92064adc,1,1,0.97
11c71090b118194cea76b49872ce7152,1,1,0.97
4042ca74ce1d66b22fdf473911550d23,1,1,0.97
484e48df2834545cd0f0cff4a0e84fa5,1,1,0.97
b29d6c1439245c7c817c69a03f9dd641,1,1,0.97
c127235e54c43cb49bc64ea0fa330c2d,1,1,0.97
4a535c3e9b9fa1a8070e252d6fb86c89,1,1,0.97
968fb911368fc589e3e343cad9ff2aad,1,1,0.97
437b009c0c4876f9c83faea0be0b600f,1,1,0.97
6c2d7343c53156d1f6ec797be3bf22af,1,1,0.97
7fbc0bf4c676cd806e56c5ca92064adc,1,1,0.97
93f0049f7fbc3d534ba2005b17450337,1,1,0.97
8c7c3fb54042437299811438dee3ca21,1,1,0.97
057b442dd9bdee2d0dd6ba5c40922df9,1,1,0.97
4bae69a09e632eb6cd7b7dce31dfca89,1,1,0.97
c127235e54c43cb49bc64ea0fa330c2d,1,1,0.97
7bdd75daeab3d7495f74fe37a9eedc02,1,1,0.97
8d0f37cb25ebffbc65a87a250b15d403,1,1,0.97
fe5d87b29697833863cf6229bd2e926e,1,1,0.97
c3c9b101873d3f9dd3858bb9d4347392,1,1,0.97
6c2d7343c53156d1f6ec797be3bf22af,1,1,0.97
d2e67c084868f00e8057235f5c72e530,1,1,0.97
d2e67c084868f00e8057235f5c72e530,1,1,0.97
c18b6305122e4976739b8420d5b54ec5,1,1,0.97
5c402b80f3219e0e8e83cc5af9a33b35,1,1,0.9666666666666667
482055779013f848184fef0f80c8c868,1,1,0.9666666666666667
6c2d7343c53156d1f6ec797be3bf22af,1,1,0.9666666666666667
3f6f3017a6c7f1ecefaa56fe89539e53,1,1,0.9666666666666667
09eb1fc2e9a089eaf6dc57ad83882438,1,1,0.9666666666666667
71c515bff34dba0f4f944a7e930c1497,1,1,0.9666666666666667
fa8b506f776c2ad679387de46eedd197,1,1,0.9666666666666667
f20015c3bbdd89e451393cec1b0cd8a2,1,1,0.9666666666666667
0a51f02cc52ac31487a20a2b0f6bfb43,1,1,0.9666666666666667
fb1a35a4963f94b4e3deff800db1d952,1,1,0.9666666666666667
027312804aa9086a236916bd468ff6c4,1,1,0.9666666666666667
f20015c3bbdd89e451393cec1b0cd8a2,1,1,0.9666666666666667
b061d115ed050c8c182fd39d0dc4bc19,1,1,0.9666666666666667
fa9f0b5bc500ba23008fc9d74e3788f0,1,1,0.9666666666666667
0a51f02cc52ac31487a20a2b0f6bfb43,1,1,0.9666666666666667
fc3de6b2dd08a6660d7ffcd88331b1db,1,1,0.9666666666666667
0a51f02cc52ac31487a20a2b0f6bfb43,1,1,0.9666666666666667
0cf1cc18d0eca108f5ebe7215bd6dd19,1,1,0.9666666666666667
12b5f3733bf9ed9fe097c7c8c43a37d8,1,1,0.9666666666666667
0075ba4dfe5a3515c59d2ce3222a32b8,1,1,0.9666666666666667
9452bbb64f6a62399415b925057d73c8,1,1,0.9666666666666667
9901c0ec9b9e9e19a6f9a2ff4d7a8aeb,1,1,0.9666666666666667
9452bbb64f6a62399415b925057d73c8,1,1,0.9666666666666667
482055779013f848184fef0f80c8c868,1,1,0.9666666666666667
2558eceb697bc072331a3b2aadfbadcf,1,1,0.9666666666666667
3292f0704c5d11e2a5e95590897218d3,1,1,0.9666666666666667
0075ba4dfe5a3515c59d2ce3222a32b8,1,1,0.9666666666666667
09714ef40ce5aa15e2f49db225abc80b,1,1,0.9666666666666667
4caf7189180203adbd46e550382f83e9,1,1,0.9666666666666667
9569006b45973a8ca5b9deee58d262ba,1,1,0.9666666666666667
30feddb7b960c4dd53e79f08db1852a2,1,1,0.9666666666666667
cbf920f080202ac9f92ec8297bc022db,1,1,0.9666666666666667
94e879fc8105350a7f40068b88b738d9,1,1,0.9666666666666667
3f6f3017a6c7f1ecefaa56fe89539e53,1,1,0.9666666666666667
09eb1fc2e9a089eaf6dc57ad83882438,1,1,0.9666666666666667
9fe197bb99e85553722b115e0a5d0483,1,1,0.9666666666666667
f20015c3bbdd89e451393cec1b0cd8a2,1,1,0.9666666666666667
ee60fad40a7f445fc7569c5639a897cc,1,1,0.9666666666666667
e76a36045719660b668ae159a645f3a2,1,1,0.9666666666666667
9569006b45973a8ca5b9deee58d262ba,1,1,0.9666666666666667
e0146123a8b3279abaa52b22c4735231,1,1,0.9666666666666667
3292f0704c5d11e2a5e95590897218d3,1,1,0.9666666666666667
3292f0704c5d11e2a5e95590897218d3,1,1,0.9666666666666667
aacd2e56e7c73d00911c86fff950c3fc,1,1,0.9666666666666667
027312804aa9086a236916bd468ff6c4,1,1,0.9666666666666667
4906768af2883ae2f9892c78f84874f0,1,1,0.9666666666666667
ad7b1c74f5e686d167a7463d0464fadf,1,1,0.9666666666666667
b548ca9a4ae2b32c857573fbc9d703ed,1,1,0.9666666666666667
839a7d1d57fbfb6cd0bcb8e664867088,1,1,0.9666666666666667
ee60fad40a7f445fc7569c5639a897cc,1,1,0.9666666666666667
09eb1fc2e9a089eaf6dc57ad83882438,1,1,0.9666666666666667
595c1560421cb312ba6c6e1e695386aa,1,1,0.9633333333333334
af2666c8d022647cf67e7aa565b4c682,1,1,0.9633333333333334
65f9195bb052c61c5469a8e916d8b7de,1,1,0.9633333333333334
086fa9618a4ec6576ebfa111d24b55ea,1,1,0.9633333333333334
12b5f3733bf9ed9fe097c7c8c43a37d8,1,1,0.9633333333333334
9901c0ec9b9e9e19a6f9a2ff4d7a8aeb,1,1,0.9633333333333334
367444c2b2506da24f01911870e649f8,1,1,0.9633333333333334
37a736a704d2de572db217142aa4b92b,1,1,0.9633333333333334
ec028367e24fd6828aa9b2b18ffdd510,1,1,0.9633333333333334
f1f24e9f048478c6d41fa05795b1d424,1,1,0.9633333333333334
592a11fc556136382edb9420a34c520c,1,1,0.9633333333333334
418a0468ae49a62c13cab1ad86b6e4d1,1,1,0.9633333333333334
1a48dbd5cc49dc74542bd008a684e247,1,1,0.9633333333333334
bfffe2962c173d00d69c58c17660b5de,1,1,0.9633333333333334
65f9195bb052c61c5469a8e916d8b7de,1,1,0.9633333333333334
dfcb34027b62eebf1493db56a0eaa906,1,1,0.9633333333333334
79585921d605cf2d24d8d774bec07915,1,1,0.9633333333333334
7363a2ebfbb3148c8ef6d25323e4093a,1,1,0.9633333333333334
fc1109847dbb7451332281217eb5e8cf,1,1,0.9633333333333334
12b5f3733bf9ed9fe097c7c8c43a37d8,1,1,0.9633333333333334
8d0f37cb25ebffbc65a87a250b15d403,1,1,0.9633333333333334
e4efadcd1d5a7f7da2652ed8d023366b,1,1,0.9633333333333334
0e99d3ad91f869df5db2c4ac4f309b84,1,1,0.9633333333333334
09194532dbd0564535cd3e36d44d1003,1,1,0.9633333333333334
88dd9f44ea30eee07fbd850bc7322c02,1,1,0.9633333333333334
a23807b220ca153fdf292ab145b0e7d8,1,1,0.9633333333333334
2790683778f06208417e273d4301645c,1,1,0.9633333333333334
2790683778f06208417e273d4301645c,1,1,0.9633333333333334
8d0f37cb25ebffbc65a87a250b15d403,1,1,0.9633333333333334
7eb0049eee8aca50acee0d584dc6cfa7,1,1,0.9633333333333334
c8a2cc5ef240da441eaea5ffd506ca40,1,1,0.9633333333333334
7363a2ebfbb3148c8ef6d25323e4093a,1,1,0.9633333333333334
af2666c8d022647cf67e7aa565b4c682,1,1,0.9633333333333334
1adf14d41e4c3bbb48635ada51ed3a83,1,1,0.9633333333333334
ec028367e24fd6828aa9b2b18ffdd510,1,1,0.9633333333333334
60e7f0506d2b639bcf9720c7a2993651,1,1,0.9633333333333334
9207d533487eaf64627e60057ba1f1f3,1,1,0.9633333333333334
0e99d3ad91f869df5db2c4ac4f309b84,1,1,0.9633333333333334
5123c1898e0bb622852f8c4f8f38df4c,1,1,0.9633333333333334
0e99d3ad91f869df5db2c4ac4f309b84,1,1,0.9633333333333334
ec028367e24fd6828aa9b2b18ffdd510,1,1,0.9633333333333334
4a61bdcc87f44fa86696a5a7b07101a3,1,1,0.9633333333333334
418a0468ae49a62c13cab1ad86b6e4d1,1,1,0.9633333333333334
60e61f5a867c2750def17a5812d21380,1,1,0.9633333333333334
65f9195bb052c61c5469a8e916d8b7de,1,1,0.9633333333333334
367444c2b2506da24f01911870e649f8,1,1,0.9633333333333334
b29d6c1439245c7c817c69a03f9dd641,1,1,0.9633333333333334
60e7f0506d2b639bcf9720c7a2993651,1,1,0.9633333333333334
8d0f37cb25ebffbc65a87a250b15d403,1,1,0.9633333333333334
367444c2b2506da24f01911870e649f8,1,1,0.9633333333333334
2797df5a43bd1e32f9eaf7d26cf1aa49,1,1,0.9633333333333334
b40af3c647efc418e6af802aa1d2cf24,1,1,0.9633333333333334
b40af3c647efc418e6af802aa1d2cf24,1,1,0.9633333333333334
1adf14d41e4c3bbb48635ada51ed3a83,1,1,0.9633333333333334
79585921d605cf2d24d8d774bec07915,1,1,0.9633333333333334
9207d533487eaf64627e60057ba1f1f3,1,1,0.9633333333333334
f7c0f00348a6bf3228ffa2dd60433550,1,1,0.9633333333333334
c06993f3be39df857b3e0c3c397468fb,1,1,0.9633333333333334
f1f24e9f048478c6d41fa05795b1d424,1,1,0.9633333333333334
dc24564379b3d1f12557fbd51d529d89,1,1,0.9633333333333334
871e07e793687f578365400c6f98600d,1,1,0.9633333333333334
af2666c8d022647cf67e7aa565b4c682,1,1,0.9633333333333334
595c1560421cb312ba6c6e1e695386aa,1,1,0.9633333333333334
65f9195bb052c61c5469a8e916d8b7de,1,1,0.9633333333333334
bda3fd6fe8abae1e19bd8385f58886e8,1,1,0.9633333333333334
bff37de18abdf0eac68d4f1d7937308a,1,1,0.96
fa64c30044ce822f04a27145eb5fa63b,1,1,0.96
82c5fb1739e739b22a304cf45bdaef04,1,1,0.96
b380ff7161e1f42c4a59d7fd7de75e29,1,1,0.96
cc6592aad4e597f80e68e11b9f7bf917,1,1,0.96
bb5860683349349de9ae65374e86fcef,1,1,0.96
31cc2f42253b0aa817ce826d11439478,1,1,0.96
ca21595940ec595765b07ca2e6f321f4,1,1,0.96
f9570e608897a623e43288fecaad8874,1,1,0.96
31b20b15755dc71378831eede0f3f1fd,1,1,0.96
250962d5c410844048e0155a6e16c1d1,1,1,0.96
ca21595940ec595765b07ca2e6f321f4,1,1,0.96
48cd821867e768dd376da9fa9b9a3063,1,1,0.96
8bb4f0b5b53d1d2aa3cfd6ff75491930,1,1,0.96
c708debd9eabf1f53f459e3542fb9e51,1,1,0.96
8dafabb5fd42fb83235d4fce72e1a58e,1,1,0.96
82c5fb1739e739b22a304cf45bdaef04,1,1,0.96
f8682fe980b5bebb2ddcfb7c1a3bf10a,1,1,0.96
31cc2f42253b0aa817ce826d11439478,1,1,0.96
250962d5c410844048e0155a6e16c1d1,1,1,0.96
15470e21d378d274f74da9368d79ee0e,1,1,0.96
b380ff7161e1f42c4a59d7fd7de75e29,1,1,0.96
31b20b15755dc71378831eede0f3f1fd,1,1,0.96
31cc2f42253b0aa817ce826d11439478,1,1,0.96
bb5860683349349de9ae65374e86fcef,1,1,0.96
31cc2f42253b0aa817ce826d11439478,1,1,0.96
ca21595940ec595765b07ca2e6f321f4,1,1,0.96
4640add258927798f8a9c49442431a1e,1,1,0.96
41ddc04fb6531d6d05c682f24eb369cd,1,1,0.96
f9570e608897a623e43288fecaad8874,1,1,0.96
f027a2f9e22c802d4bff01c2c98ab282,1,1,0.96
7bb61d1f31bf0202f2f1b9c1836b0645,1,1,0.96
c127235e54c43cb49bc64ea0fa330c2d,1,1,0.96
cc6592aad4e597f80e68e11b9f7bf917,1,1,0.96
c8637d9cdfd50497ebc1a0e2621c8ae0,1,1,0.96
31cc2f42253b0aa817ce826d11439478,1,1,0.96
82c5fb1739e739b22a304cf45bdaef04,1,1,0.96
f027a2f9e22c802d4bff01c2c98ab282,1,1,0.96
c78d198abcd0609e2f703dc2618acf09,1,1,0.96
f027a2f9e22c802d4bff01c2c98ab282,1,1,0.96
c397afba8c47dbe8dae5767abeeb8b5a,1,1,0.96
afec980e4288870a68b52cc63c12b179,1,1,0.96
c603db70dd55094ecc03b1980d96107c,1,1,0.9566666666666667
8129fcb496dddf62fc506ecaa4a8ac19,1,1,0.9566666666666667
97df38fac848925d207d70cb123ab52a,1,1,0.9566666666666667
99c66d15316645b26c8e29b3b1d886c3,1,1,0.9566666666666667
8bb4f0b5b53d1d2aa3cfd6ff75491930,1,1,0.9566666666666667
142819ccd2370dc6cf371ea91ad0afc0,1,1,0.9566666666666667
8bb4f0b5b53d1d2aa3cfd6ff75491930,1,1,0.9566666666666667
d34d023dc8ac358ab2ea8f70029a0de3,1,1,0.9566666666666667
ae8ad32b8d463321ae948cf3dcbad485,1,1,0.9566666666666667
757f325721b31ef8e7e3b52b77b93c9e,1,1,0.9566666666666667
66757652fb2b8e9e82dcc72bb7ce811e,1,1,0.9566666666666667
fe62efe11b4cb82e21e69a59ced18cac,1,1,0.9566666666666667
0827495b5910491ba8dab860fb04f6e8,1,1,0.9566666666666667
8bb4f0b5b53d1d2aa3cfd6ff75491930,1,1,0.9566666666666667
97df38fac848925d207d70cb123ab52a,1,1,0.9566666666666667
086fa9618a4ec6576ebfa111d24b55ea,1,1,0.9566666666666667
99c66d15316645b26c8e29b3b1d886c3,1,1,0.9566666666666667
086fa9618a4ec6576ebfa111d24b55ea,1,1,0.9566666666666667
8f4e7a19532f618e29c4eacd5deb5937,1,1,0.9566666666666667
55ebaf77fe25a424b4c4dda1824c5bad,1,1,0.9566666666666667
8129fcb496dddf62fc506ecaa4a8ac19,1,1,0.9566666666666667
6556c853aa3703525ecaeaf3c59c381e,1,1,0.9566666666666667
142819ccd2370dc6cf371ea91ad0afc0,1,1,0.9566666666666667
3444bdce896df166abf6c3fb17e532d0,1,1,0.9566666666666667
086fa9618a4ec6576ebfa111d24b55ea,1,1,0.9566666666666667
c4529aff89f19c7e617522f903bf231c,1,1,0.9566666666666667
8df55a7c337dd82b2efd73ee2f160c56,1,1,0.9566666666666667
0827495b5910491ba8dab860fb04f6e8,1,1,0.9566666666666667
8129fcb496dddf62fc506ecaa4a8ac19,1,1,0.9566666666666667
5f8affa65498515ffb8f9733290cca72,1,1,0.9566666666666667
95cdcfa3486404d51e6f21f128105b5e,1,1,0.9566666666666667
c42908cc26ccd8ff758fb4c9af2e0081,1,1,0.9533333333333334
193b185914811432e1e0532a0d767073,1,1,0.9533333333333334
56ecf51d74cadc8465b4e55fd571945f,1,1,0.9533333333333334
c60599466a649b339f3cde045368d823,1,1,0.9533333333333334
df4dba65c622957d37dc5f112e099d20,1,1,0.9533333333333334
df4dba65c622957d37dc5f112e099d20,1,1,0.9533333333333334
c9ea15c6c23f120aa976adbc8a857064,1,1,0.9533333333333334
5ffa831446e6514d76e2ebb3c38acaea,1,1,0.9533333333333334
7cb4391abc5dc511922e3d4a8ddec1e2,1,1,0.9533333333333334
086fa9618a4ec6576ebfa111d24b55ea,1,1,0.9533333333333334
09eb1fc2e9a089eaf6dc57ad83882438,1,1,0.9533333333333334
8d0f37cb25ebffbc65a87a250b15d403,1,1,0.9533333333333334
0b0da18e644bac389ba02ab23e1487ed,1,1,0.9533333333333334
c34c5a97c1592a5f44fe84a968d88ad5,1,1,0.9533333333333334
874704a930e3c7bd4c5b2bf8301c83db,1,1,0.9533333333333334
798d037b21f9ad176b956f6180c572dc,1,1,0.9533333333333334
f939fa0ed42409c82a6bba97874a4db5,1,1,0.9533333333333334
a955c76505954c395ffd0ca85f473801,1,1,0.9533333333333334
a8a132a6e0ce9d7e21f0f7870ab98dfb,1,1,0.9533333333333334
086fa9618a4ec6576ebfa111d24b55ea,1,1,0.9533333333333334
798d037b21f9ad176b956f6180c572dc,1,1,0.9533333333333334
02eb699081385bc1553d11d93450a0ae,1,1,0.9533333333333334
a3cb667e08db78e87c9dbd101928ef08,1,1,0.9533333333333334
09eb1fc2e9a089eaf6dc57ad83882438,1,1,0.9533333333333334
430290b7bcf05792795660e95f9fd254,1,1,0.9533333333333334
35b2497885b429034b74e89789371626,1,1,0.9533333333333334
3d7e9132d30f5e86737a7563d48281f2,1,1,0.9533333333333334
c525fcb0860e5705d37743f5b5cadbfe,1,1,0.9533333333333334
02eb699081385bc1553d11d93450a0ae,1,1,0.9533333333333334
09eb1fc2e9a089eaf6dc57ad83882438,1,1,0.9533333333333334
df4dba65c622957d37dc5f112e099d20,1,1,0.9533333333333334
839a7d1d57fbfb6cd0bcb8e664867088,1,1,0.9533333333333334
7cb4391abc5dc511922e3d4a8ddec1e2,1,1,0.9533333333333334
3f649cc6d6ca1a88f9493be26f8e9395,1,1,0.9533333333333334
c42908cc26ccd8ff758fb4c9af2e0081,1,1,0.9533333333333334
71c515bff34dba0f4f944a7e930c1497,1,1,0.9533333333333334
454c2113261d02bbed810aec59ddabea,1,1,0.9533333333333334
56ecf51d74cadc8465b4e55fd571945f,1,1,0.9533333333333334
1c8c93e4ea782d4ecbbcaf478f3644e2,1,1,0.9533333333333334
7cb4391abc5dc511922e3d4a8ddec1e2,1,1,0.9533333333333334
086fa9618a4ec6576ebfa111d24b55ea,1,1,0.9533333333333334
05c7abf4a204931c165edd76c4cc01ea,1,1,0.9533333333333334
8d0f37cb25ebffbc65a87a250b15d403,1,1,0.9533333333333334
93054a281164e7ba0eb42ad306b7c15a,1,1,0.95
8548ba228771ee5266c189134603926f,1,1,0.95
026d7e86c8e269a63c2fbb2508bd3e14,1,1,0.95
b4e437990e3bd9026cc8cd14ac2b7fda,1,1,0.95
baedced271bf9aa7ba21ea26c3c2b0bc,1,1,0.95
027312804aa9086a236916bd468ff6c4,1,1,0.95
935b1b402d76b761bbb34e6e89206c48,1,1,0.95
e0da3af15a12402ea9ef3d968af98385,1,1,0.95
e9c965dd9b12a125f9b5361fb1dce4f0,1,1,0.95
f4c630d654f1a6d2c76c108527a0afe7,1,1,0.95
9a0496da0ef4a81c51856802af3cc58e,1,1,0.95
215fcb61cd9905b5e605b292666975d9,1,1,0.95
027312804aa9086a236916bd468ff6c4,1,1,0.95
1d26daa7da9869cc92025069ae98eb68,1,1,0.95
37a80811e8181d1f8fe1a0321a372021,1,1,0.95
e9c965dd9b12a125f9b5361fb1dce4f0,1,1,0.95
54f8ca2ab1f8fadc6c380285df40a329,1,1,0.95
17d489832aec5715445c12c166cbb76c,1,1,0.95
b4e437990e3bd9026cc8cd14ac2b7fda,1,1,0.95
3d109fddcf4b6f2cbe2fb04f42b3225d,1,1,0.95
afb737546d35b3efbf00a216002e9583,1,1,0.95
afb737546d35b3efbf00a216002e9583,1,1,0.95
baedced271bf9aa7ba21ea26c3c2b0bc,1,1,0.95
e9c965dd9b12a125f9b5361fb1dce4f0,1,1,0.95
38469b842f1f7a36d3ae7d924b31e0ae,1,1,0.95
9a57fa2ed649690ca712b2d9f2876c43,1,1,0.95
5d08d5181b7d929231fe59020e52d7dc,1,1,0.95
2ea90186bcde75060f16a8c6dab7a80a,1,1,0.95
76b774ebff81a595e0293b59efe0fbfb,1,1,0.95
9a0496da0ef4a81c51856802af3cc58e,1,1,0.95
c127235e54c43cb49bc64ea0fa330c2d,1,1,0.95
7f888351be60c6f203c31b6ec36ceb55,1,1,0.95
4db35277bb03e3f053d9db56af72168c,1,1,0.95
afb737546d35b3efbf00a216002e9583,1,1,0.95
b4e437990e3bd9026cc8cd14ac2b7fda,1,1,0.95
76b774ebff81a595e0293b59efe0fbfb,1,1,0.95
b1c7d6a823892cc6127ebf31ec0f0ab9,1,1,0.95
026d7e86c8e269a63c2fbb2508bd3e14,1,1,0.95
e0da3af15a12402ea9ef3d968af98385,1,1,0.95
c127235e54c43cb49bc64ea0fa330c2d,1,1,0.95
17d489832aec5715445c12c166cbb76c,1,1,0.95
da3408528438548a79411e7d5aac528d,1,1,0.95
1d26daa7da9869cc92025069ae98eb68,1,1,0.95
88e83f21dd746084f1def555f9c39a72,1,1,0.9466666666666667
d5ea14584a332ec78af4215cca90462b,1,1,0.9466666666666667
df2b48e081eb217e8ee0dad524d6376b,1,1,0.9466666666666667
c8133010caabb9cebda7d950cddb4bea,1,1,0.9466666666666667
e4b184f9023c0b802fedb7266dcfa21e,1,1,0.9466666666666667
3a114f52a1243c46d33707ccd2cf5fb7,1,1,0.9466666666666667
88e83f21dd746084f1def555f9c39a72,1,1,0.9466666666666667
8ce3508347bc473ff87febfc48be1079,1,1,0.9466666666666667
611cffe5f809d78f69cfb0afa2837e35,1,1,0.9466666666666667
c08875e5ea7cc6064bda2ab315ac04e7,1,1,0.9466666666666667
a955c76505954c395ffd0ca85f473801,1,1,0.9466666666666667
32739fac49e625b55e01dd09da9bf845,1,1,0.9466666666666667
94761506cb929002323c62bc46d9bddc,1,1,0.9466666666666667
3a114f52a1243c46d33707ccd2cf5fb7,1,1,0.9466666666666667
79585921d605cf2d24d8d774bec07915,1,1,0.9466666666666667
3a114f52a1243c46d33707ccd2cf5fb7,1,1,0.9466666666666667
a955c76505954c395ffd0ca85f473801,1,1,0.9466666666666667
fc3de6b2dd08a6660d7ffcd88331b1db,1,1,0.9466666666666667
94761506cb929002323c62bc46d9bddc,1,1,0.9466666666666667
e4b184f9023c0b802fedb7266dcfa21e,1,1,0.9466666666666667
86e48b31a80b58689626d33825e1da75,1,1,0.9466666666666667
42b48827d5143d0300db356f77e109d1,1,1,0.9466666666666667
fc3de6b2dd08a6660d7ffcd88331b1db,1,1,0.9466666666666667
a955c76505954c395ffd0ca85f473801,1,1,0.9466666666666667
3a114f52a1243c46d33707ccd2cf5fb7,1,1,0.9466666666666667
f651331699220af1ae3f42f45151eb3e,1,1,0.9466666666666667
036f1ed168a5e802c7d81ce1b2f463d5,1,1,0.9466666666666667
c4529aff89f19c7e617522f903bf231c,1,1,0.9466666666666667
4042ca74ce1d66b22fdf473911550d23,1,1,0.9466666666666667
79585921d605cf2d24d8d774bec07915,1,1,0.9466666666666667
f1d78e867b71033aa8172c60e56c76be,1,1,0.9466666666666667
3f649cc6d6ca1a88f9493be26f8e9395,1,1,0.9433333333333334
c18b6305122e4976739b8420d5b54ec5,1,1,0.9433333333333334
c1cda7ed248097302bfea03cad696b33,1,1,0.9433333333333334
77f27ddf789130228572aad31abdf3f8,1,1,0.9433333333333334
a6e97778ae2b796c2c2ddb339f21088a,1,1,0.9433333333333334
d1517ceb5c3afdfd31e667b519c47508,1,1,0.9433333333333334
2790683778f06208417e273d4301645c,1,1,0.9433333333333334
b5327c91c04f246acc772b55deff9f97,1,1,0.9433333333333334
2989ccb5840f6df6778c5af91165e9aa,1,1,0.9433333333333334
9ee3328562bd44c0c42c8a3f131d4349,1,1,0.9433333333333334
7e3cc2a0bcc05c25787251527e7b7a10,1,1,0.9433333333333334
c42908cc26ccd8ff758fb4c9af2e0081,1,1,0.9433333333333334
04ffb6bd6bebb10c405a29ab2914d35f,1,1,0.9433333333333334
b42f2977a6a6f0e48885b8c3e90c4c4c,1,1,0.9433333333333334
8860410a9a36845a4028ae49ecc2bf95,1,1,0.9433333333333334
8b5239c28e9950fa2cdcc47d9201ecd8,1,1,0.9433333333333334
431bb3ddaf57c5a64f90580df1351609,1,1,0.9433333333333334
b42f2977a6a6f0e48885b8c3e90c4c4c,1,1,0.9433333333333334
a6e97778ae2b796c2c2ddb339f21088a,1,1,0.9433333333333334
2790683778f06208417e273d4301645c,1,1,0.9433333333333334
b5327c91c04f246acc772b55deff9f97,1,1,0.9433333333333334
8b5239c28e9950fa2cdcc47d9201ecd8,1,1,0.9433333333333334
b42f2977a6a6f0e48885b8c3e90c4c4c,1,1,0.9433333333333334
c42908cc26ccd8ff758fb4c9af2e0081,1,1,0.9433333333333334
04ffb6bd6bebb10c405a29ab2914d35f,1,1,0.9433333333333334
2790683778f06208417e273d4301645c,1,1,0.9433333333333334
fa9f0b5bc500ba23008fc9d74e3788f0,1,1,0.9433333333333334
2989ccb5840f6df6778c5af91165e9aa,1,1,0.9433333333333334
34b72a6cc0ccbc0e14e5b6b84f4b9d60,1,1,0.94
6cfbce2099a4163ea4fe422fb28829ea,1,1,0.94
bd3d84bd4f01485df6d38d1bafb1a137,1,1,0.94
86379ba7801a9028e6cc903566d8fbdc,1,1,0.94
5ff3c45edc8c4ca33bb81dc03c4cfe4d,1,1,0.94
30c7b57fa4796e5f764202cf65529469,1,1,0.94
34b72a6cc0ccbc0e14e5b6b84f4b9d60,1,1,0.94
b1b26f433f3b958baff1454b2151c492,1,1,0.94
bb880c344c2f763f2545d16a83d51663,1,1,0.94
0b0196638ca66888af0069cfea42ef2a,1,1,0.94
3ce57849df47c4b589684103924e5d19,1,1,0.94
9eddd8e76ba40ee90fb3c0cf16fb2d0b,1,1,0.94
bb880c344c2f763f2545d16a83d51663,1,1,0.94
8afe37d11362b8bf58425aec5c094555,1,1,0.94
b1b26f433f3b958baff1454b2151c492,1,1,0.94
e799f8dadd7ffa2da4af1571afd33147,1,1,0.94
753dea286492261321d24946306a6dca,1,1,0.94
57b01d5a21a139ce4378b39d4fab33c7,1,1,0.9366666666666666
819a972ec2b2c9e1746b7c67682bedf2,1,1,0.9366666666666666
b061d115ed050c8c182fd39d0dc4bc19,1,1,0.9366666666666666
a85c3eb114b84e7c71883ecc1801a090,1,1,0.9366666666666666
d70d97dd7fa745a26bcd6ede30faf3b4,1,1,0.9366666666666666
7ef9708bbe097445f0571a4ff57b482d,1,1,0.9366666666666666
a85c3eb114b84e7c71883ecc1801a090,1,1,0.9366666666666666
cccf33218b258717ae807081c40263c6,1,1,0.9366666666666666
644f90f67d0a88c415da61b4958da8b8,1,1,0.9366666666666666
b061d115ed050c8c182fd39d0dc4bc19,1,1,0.9366666666666666
13ca4ec72652d2c320d1b811a2caa736,1,1,0.9366666666666666
cccf33218b258717ae807081c40263c6,1,1,0.9366666666666666
595ca408e481a4a3ff53c63ed6cd8cd6,1,1,0.9366666666666666
94761506cb929002323c62bc46d9bddc,1,1,0.9366666666666666
595ca408e481a4a3ff53c63ed6cd8cd6,1,1,0.9366666666666666
20b0e859d6badf5ceabadca050542149,1,1,0.9333333333333333
66757652fb2b8e9e82dcc72bb7ce811e,1,1,0.9333333333333333
34b72a6cc0ccbc0e14e5b6b84f4b9d60,1,1,0.9333333333333333
66757652fb2b8e9e82dcc72bb7ce811e,1,1,0.9333333333333333
f4c630d654f1a6d2c76c108527a0afe7,1,1,0.9333333333333333
6624ff016e9d21890a51b4091b3006c7,1,1,0.9333333333333333
8d0034748d64d88064b9543fabaed7d8,1,1,0.9333333333333333
5d9b6f69b7da31dc3456cb45a4005116,1,1,0.9333333333333333
0b4d2eff71669eb07dc77186bce69d3e,1,1,0.9333333333333333
079e3911c9d3fb76a900c3c382130a2e,1,1,0.9333333333333333
20b0e859d6badf5ceabadca050542149,1,1,0.9333333333333333
55a6bb3b17ca7e8af437191915ef7def,1,1,0.9333333333333333
95cc139b4f934f1e5a04378934d44598,1,1,0.9333333333333333
4d13db9b960b7b87538c6fccace07101,1,1,0.9333333333333333
13ca4ec72652d2c320d1b811a2caa736,1,1,0.9333333333333333
8ce3508347bc473ff87febfc48be1079,1,1,0.93
d8a90bff8ae32c141b8e73e30ac730df,1,1,0.93
4572d0d004b01d651f3297e3d29685e5,1,1,0.93
8b0043e42290a695e99fcfe09e9ef303,1,1,0.93
2b1909e7f1f84e6c821150ed33a30631,1,1,0.93
5113d9493c5e6f7813b7c0ff13d87aae,1,1,0.93
38f6db63f2240230f9607710b0ee6b5c,1,1,0.93
5113d9493c5e6f7813b7c0ff13d87aae,1,1,0.93
b008f90d6e9f2decb1d794a8cef713bf,1,1,0.93
4593d7320a5f2fa7ffaaa05c8a861919,1,1,0.93
367444c2b2506da24f01911870e649f8,1,1,0.93
8b0043e42290a695e99fcfe09e9ef303,1,1,0.93
367444c2b2506da24f01911870e649f8,1,1,0.93
f5c85d1ef025d9e8ea0f2acad8cf99e3,1,1,0.93
a2e87cf9b49ac668844c148070198bcd,1,1,0.93
5113d9493c5e6f7813b7c0ff13d87aae,1,1,0.93
ccd5d1cd3a2b6080bf9886f68235de7a,1,1,0.93
cdda94b15f78e75e2992e560c936b14e,1,1,0.9266666666666666
36f21cc17a6b4c6e203b3eda888a9789,1,1,0.9266666666666666
0b3d95ca425ff5b3aaa247d33de900bb,1,1,0.9266666666666666
a539fff6fc49cc4ff6dc3e6d882bd0ec,1,1,0.9266666666666666
a539fff6fc49cc4ff6dc3e6d882bd0ec,1,1,0.9266666666666666
26a68426874a3e84c788fecbf9114e30,1,1,0.9266666666666666
225d34b17c8d3dacb3c99de0140b65e6,1,1,0.9266666666666666
b4e437990e3bd9026cc8cd14ac2b7fda,1,1,0.9266666666666666
38f62c2f7820916f28c546c49bf14273,1,1,0.9266666666666666
2bb48f30e85010bb4c47fde40cfe4641,1,1,0.9233333333333333
18460927730d1468ad9e490cef8d94a9,1,1,0.9233333333333333
fac00017a98bf59e0a599e6956d76957,1,1,0.9233333333333333
16191ae9f4a669d7ed19f8263e0c7e66,1,1,0.9233333333333333
95b867ba0c7986bde1a39c448c02d2cc,1,1,0.9233333333333333
fac00017a98bf59e0a599e6956d76957,1,1,0.9233333333333333
d022809223c1de80f1f470d2ead6ce53,1,1,0.9233333333333333
e4efadcd1d5a7f7da2652ed8d023366b,1,1,0.9233333333333333
16191ae9f4a669d7ed19f8263e0c7e66,1,1,0.9233333333333333
92e3d2e5da85e2ff522cf1dff5ed1f19,1,1,0.9233333333333333
17c0d9897c434e2df476e2a74405c644,1,1,0.9233333333333333
95b867ba0c7986bde1a39c448c02d2cc,1,1,0.9233333333333333
dd690a438e446658e4151fbbf636521d,1,1,0.9233333333333333
9a0496da0ef4a81c51856802af3cc58e,1,1,0.9233333333333333
250962d5c410844048e0155a6e16c1d1,1,1,0.92
d32199de231cb05ec0912e623dfdb5ad,1,1,0.92
d32199de231cb05ec0912e623dfdb5ad,1,1,0.92
d32199de231cb05ec0912e623dfdb5ad,1,1,0.92
364812981110731b1e1de2abec3e9e48,1,1,0.92
400d4c70ae1305b799f9ceaffbb32fc1,1,1,0.92
8aa2135ce2d2377ee18a48dec0d2966f,1,1,0.9166666666666666
34b72a6cc0ccbc0e14e5b6b84f4b9d60,1,1,0.9166666666666666
a040164f862959cc8b85e5fd636b9831,1,1,0.9166666666666666
34b72a6cc0ccbc0e14e5b6b84f4b9d60,1,1,0.9166666666666666
da3408528438548a79411e7d5aac528d,1,1,0.9166666666666666
a22ef10dd7dc76ce21bdd65dfc49f122,1,1,0.9166666666666666
3d190e30a35ec6966309955667f190a0,1,1,0.9166666666666666
3d190e30a35ec6966309955667f190a0,1,1,0.9166666666666666
df5c58b5ee74dbededa16ec91369930e,1,1,0.9166666666666666
1122e6d86f9b2187b4ae5bd0f54ee668,1,1,0.9166666666666666
34b72a6cc0ccbc0e14e5b6b84f4b9d60,1,1,0.9166666666666666
38f74b5e64062383974302536ee10e74,1,1,0.9166666666666666
16e466a3e7dbdf5c967f9d1e9fbfc6ab,1,1,0.9133333333333333
f20015c3bbdd89e451393cec1b0cd8a2,1,1,0.9133333333333333
01957677ffae06c92a67c7518ee1944b,1,1,0.9133333333333333
d84c29703d55fbbb49f8fc756b1ddd39,1,1,0.9133333333333333
9a56c10857954d7a8cff0f854337b3ee,1,1,0.9133333333333333
f20015c3bbdd89e451393cec1b0cd8a2,1,1,0.9133333333333333
09714ef40ce5aa15e2f49db225abc80b,1,1,0.9133333333333333
be2f6e2e4a637c44c72046f626327d16,1,1,0.9133333333333333
79585921d605cf2d24d8d774bec07915,1,1,0.91
dc719d85a9cb8b703e5d144bb031c9d7,1,1,0.91
40567def6eb2a996cfb1f83cd66c7f20,1,1,0.91
7dbbc5d8af781ec063294bea0f7574be,1,1,0.91
76b7bdb3f3621e0ca64225021551bc2d,1,1,0.91
057b442dd9bdee2d0dd6ba5c40922df9,1,1,0.91
61a1ee4229b15b32d9ce0787b6bbf912,1,1,0.91
250962d5c410844048e0155a6e16c1d1,1,1,0.91
057b442dd9bdee2d0dd6ba5c40922df9,1,1,0.91
030705cedd79f865f984342c1dc5aa3e,1,1,0.91
dc719d85a9cb8b703e5d144bb031c9d7,1,1,0.91
bdd00a99c7708acce617038ca7329102,1,1,0.91
7ff68cfec6cdadd370b9fb5bbbea27d0,1,1,0.91
250962d5c410844048e0155a6e16c1d1,1,1,0.91
dfcb34027b62eebf1493db56a0eaa906,1,1,0.91
61a1ee4229b15b32d9ce0787b6bbf912,1,1,0.91
b59e36cd4db55e60a07c642a369a59eb,1,1,0.91
79585921d605cf2d24d8d774bec07915,1,1,0.91
79585921d605cf2d24d8d774bec07915,1,1,0.91
cbf920f080202ac9f92ec8297bc022db,1,1,0.9066666666666666
f3622c458e9083620423f00b4778a98b,1,1,0.9066666666666666
5113d9493c5e6f7813b7c0ff13d87aae,1,1,0.9066666666666666
f0463afebee8a4d05854a5790d2f3c6b,1,1,0.9066666666666666
9f4c64ac1f88158e94c724e7898e6401,1,1,0.9066666666666666
aaa7ca7ca76b632795dcc7a80097bae1,1,1,0.9066666666666666
5113d9493c5e6f7813b7c0ff13d87aae,1,1,0.9066666666666666
91f4cd1854ebbee81d51e6c0be83d7be,1,1,0.9033333333333333
5d9b6f69b7da31dc3456cb45a4005116,1,1,0.9033333333333333
51be3bdc7a225c1af456c9c1da4f3f6b,1,1,0.9033333333333333
5d9b6f69b7da31dc3456cb45a4005116,1,1,0.9033333333333333
60121a261348ab09ee0804310c96f4fe,1,1,0.9033333333333333
91f4cd1854ebbee81d51e6c0be83d7be,1,1,0.9033333333333333
91f4cd1854ebbee81d51e6c0be83d7be,1,1,0.9033333333333333
6cfbce2099a4163ea4fe422fb28829ea,1,1,0.9033333333333333
6a34b0a85d31e84d251f9a1fbc3b1722,1,1,0.9
958de2f4c5639cacfce4e33da9290c82,1,1,0.9
d15ef55fdbf63ef2bddfd1bd67959ab4,1,1,0.9
a1941a9aa5358b504a4abbcfbb625c51,1,1,0.9
e827a425f51e572ceb3b364ca9e9bf99,1,1,0.9
9e3babf2eb63ca2c46b046e27382c17c,1,1,0.9
250962d5c410844048e0155a6e16c1d1,1,1,0.8966666666666666
2c2c6bd08fe3ff1d070454cd7e0bd46b,1,1,0.8966666666666666
c30e4df1ceb1541264d47c79a40668e7,1,1,0.8966666666666666
cfd6fcb954f38ad4d0817a441250185a,1,1,0.8966666666666666
250962d5c410844048e0155a6e16c1d1,1,1,0.8966666666666666
88e83f21dd746084f1def555f9c39a72,1,1,0.8966666666666666
3292f0704c5d11e2a5e95590897218d3,1,1,0.8933333333333333
7bdd75daeab3d7495f74fe37a9eedc02,1,1,0.8933333333333333
9d36b9c37c945205ce28e491d5ba4cc6,1,1,0.8933333333333333
66a533210123d42b3a94cb7dcb1e3808,1,1,0.8933333333333333
8c7c3fb54042437299811438dee3ca21,1,1,0.8933333333333333
9c29eb92748fa1d1c1e28584c6782928,1,1,0.8933333333333333
b4e437990e3bd9026cc8cd14ac2b7fda,1,1,0.8933333333333333
9c29eb92748fa1d1c1e28584c6782928,1,1,0.8933333333333333
df5c58b5ee74dbededa16ec91369930e,1,1,0.89
3db28e77a15f486c7ac57ca86f06c95f,1,1,0.89
df5c58b5ee74dbededa16ec91369930e,1,1,0.89
145264a2e24a247b20bbf1f99f14e209,1,1,0.8866666666666667
8c7c3fb54042437299811438dee3ca21,1,1,0.8866666666666667
69eba8bc42088dc5782090e791994041,1,1,0.8866666666666667
145264a2e24a247b20bbf1f99f14e209,1,1,0.8866666666666667
0604d11c857f800718f48caa700756b0,1,1,0.8866666666666667
76862ed6c9f49c82051dc4c7e42e7348,1,1,0.8833333333333333
05c509cd5bbbdab1985886374259b42f,1,1,0.8833333333333333
304c306fe3b0697b90ecf8f2ee2edbd0,1,1,0.8833333333333333
56c5b7ee7f8f538dfe3fa00589927a4d,1,1,0.8833333333333333
3f6e2c86b32a1e2c4881fb5ae9566619,1,1,0.8833333333333333
dfb5dfd7b4b86458e99590853c7a52b5,1,1,0.88
c60599466a649b339f3cde045368d823,1,1,0.88
874704a930e3c7bd4c5b2bf8301c83db,1,1,0.88
fda3dd8715e800dfe1a50c4f0cf8f993,1,1,0.88
dfb5dfd7b4b86458e99590853c7a52b5,1,1,0.88
1bea78c911866ce2d784e1ff16d7b320,1,1,0.88
01cde600c358e7761200e4ad4a249e70,1,1,0.88
bb353771aafc6d54dc426bf148463ae6,1,1,0.8766666666666667
250962d5c410844048e0155a6e16c1d1,1,1,0.8766666666666667
bb353771aafc6d54dc426bf148463ae6,1,1,0.8766666666666667
63e56424e96350d9671a98cf1608a8bf,1,1,0.8766666666666667
f24902e517956f2930a8d863cfc07d01,1,1,0.8733333333333333
a1aa1e10e9cf0d2453ad1d85b1b011fd,1,1,0.8733333333333333
5d08d5181b7d929231fe59020e52d7dc,1,1,0.87
c42908cc26ccd8ff758fb4c9af2e0081,1,1,0.87
c42908cc26ccd8ff758fb4c9af2e0081,1,1,0.87
a6aaca9d465529460510da1df9a7ddad,1,1,0.87
95b867ba0c7986bde1a39c448c02d2cc,1,1,0.8666666666666667
f8e8f5b32052ad5140c506a966effc5c,1,1,0.8666666666666667
95b867ba0c7986bde1a39c448c02d2cc,1,1,0.8666666666666667
7bb61d1f31bf0202f2f1b9c1836b0645,1,1,0.8666666666666667
95b867ba0c7986bde1a39c448c02d2cc,1,1,0.8666666666666667
a90bd212eabf4e57acc52e5c5f8ed361,1,1,0.8666666666666667
a1fce02507c46fb3686c7b880efc5b0a,1,1,0.8633333333333333
79585921d605cf2d24d8d774bec07915,1,1,0.8633333333333333
82d8e6c356fa8123b93b185b706b870b,1,1,0.8633333333333333
65361c31aafe1fc52676e9c6813d7d71,1,1,0.8633333333333333
6eb1187bc87596d62063d2c6db9e7768,1,1,0.8633333333333333
2790683778f06208417e273d4301645c,1,1,0.86
dfcb34027b62eebf1493db56a0eaa906,1,1,0.8566666666666667
c6c0dffac931f39c4cf96619c30fc45e,1,1,0.8566666666666667
526d3b158cdb83222c42b7d60c3de553,1,1,0.8533333333333334
c42908cc26ccd8ff758fb4c9af2e0081,1,1,0.8533333333333334
cb264fe842006e54b412de795410828b,1,1,0.8533333333333334
7fbc0bf4c676cd806e56c5ca92064adc,1,1,0.8533333333333334
c42908cc26ccd8ff758fb4c9af2e0081,1,1,0.8533333333333334
7fbc0bf4c676cd806e56c5ca92064adc,1,1,0.8533333333333334
f412178ff85152bffd0dbad076928e0b,1,1,0.85
9f6aa89b4d15b6b60062a51a6b56698d,1,1,0.8466666666666667
d3603ac2e8c8f2ef2d109573ab9e4583,1,1,0.8466666666666667
d3603ac2e8c8f2ef2d109573ab9e4583,1,1,0.8466666666666667
9f6aa89b4d15b6b60062a51a6b56698d,1,1,0.8433333333333334
a85c3eb114b84e7c71883ecc1801a090,1,1,0.8433333333333334
d57f8d9a4b9f9179cf1880ff036aa9a1,1,1,0.8433333333333334
9f6aa89b4d15b6b60062a51a6b56698d,1,1,0.8433333333333334
9f6aa89b4d15b6b60062a51a6b56698d,1,1,0.8433333333333334
afec980e4288870a68b52cc63c12b179,1,1,0.8433333333333334
a85c3eb114b84e7c71883ecc1801a090,1,1,0.8433333333333334
9f6aa89b4d15b6b60062a51a6b56698d,1,1,0.8433333333333334
afec980e4288870a68b52cc63c12b179,1,1,0.8433333333333334
3da003396c90dbcd3da3394f21196e41,1,1,0.84
c6c0dffac931f39c4cf96619c30fc45e,1,1,0.8366666666666667
c6c0dffac931f39c4cf96619c30fc45e,1,1,0.8366666666666667
94761506cb929002323c62bc46d9bddc,1,1,0.8333333333333334
afec980e4288870a68b52cc63c12b179,1,1,0.83
cefef1e70d45618c97f33bbd0d0649ab,1,1,0.83
838599eca0ca17d7c2e3e77244a876ef,1,1,0.83
7ffc4c924caa3a403b9305773a272544,1,1,0.8233333333333334
b9eafd9d71cbfd4e0b0c48fcdce7738f,1,1,0.8233333333333334
d813243618f2ceaad89da0bafe1198ef,1,1,0.82
0144f26abd8ff2c687c293ebb5ad885f,1,1,0.8133333333333334
0c13e6a1387935744137927e21f8301e,1,1,0.8133333333333334
935b1b402d76b761bbb34e6e89206c48,1,1,0.8133333333333334
0f4d8f76a8dbbfe39f5f26ae91a3b3ae,1,1,0.81
906cd38e249f4a44998318309c97953b,1,1,0.81
0f4d8f76a8dbbfe39f5f26ae91a3b3ae,1,1,0.81
9f6aa89b4d15b6b60062a51a6b56698d,1,1,0.8066666666666666
2dfad0d4792a6c8e501a4a9f6d1c5ec6,1,1,0.8033333333333333
2dfad0d4792a6c8e501a4a9f6d1c5ec6,1,1,0.8033333333333333
3fbab5262fc2a28bfa258bccf2ef473a,1,1,0.8
